product_id,title,url,images,price,area,toilet,location,description,published
42871483,"CHO THuê Mặt Bằng.Nha MỚI XÂY LINH HOẠT nhiều NGÀNH NGHỀ.DT 50m (mặt tiền gần 5 m), giá 7trieu/Tg",https://batdongsan.com.vn/cho-thue-sang-nhuong-cua-hang-ki-ot-duong-di-trach-xa-di-trach/cho-mat-bang-nha-moi-xay-linh-hoat-nhieu-nganh-nghe-dt-50m-mat-tien-gan-5-m-gia-7trieu-tg-pr42871483,"['https://file4.batdongsan.com.vn/crop/232x186/2025/05/03/20250503094346-bbe5_wm.jpg', 'https://file4.batdongsan.com.vn/crop/115x64/2025/05/03/20250503094348-397f_wm.jpg', 'https://file4.batdongsan.com.vn/crop/115x64/2025/05/03/20250503094726-cdf1_wm.jpg']",7 triệu/tháng,50 m²,1,"Hoài Đức, Hà Nội","Diện tích: 50 m (mặt tiền gần 5 m) Giao thông: Đường trước nhà rộng 5 m, ô tô ra vào thoải mái Tiện ích: Công trình phụ đầy đủ Trần cao với hệ đèn lung linh, sang trọng Vị trí đắc địa: Ngaye gần Trường Cấp 2 Di Trạch, Hoài Đức Giá thuê: 7 triệu/thángDiện tích: 50 m (mặt tiền gần 5 m) Giao thông: Đường trước nhà rộng 5 m, ô tô ra vào thoải mái Tiện ích: Công trình phụ đầy dủdiu Trần cao với hệ đèn lung linh, sang trọngDiện tích: 50 m (...",Đăng hôm qua
40223186,"Cho thuê mặt bằng kinh doanh DT 400 m2 ngay mặt đường quốc lộ 21A gần chợ Hòa Lạc, Thạch Thất, HN",https://batdongsan.com.vn/cho-thue-sang-nhuong-cua-hang-ki-ot-duong-21a-xa-thach-hoa-1/cho-mat-bang-dt-450-m2-ngay-mat-quoc-lo-gan-cho-lac-that-hn-pr40223186,"['https://file4.batdongsan.com.vn/crop/232x186/2024/08/19/20240819100307-9837_wm.jpg', 'https://file4.batdongsan.com.vn/crop/115x64/2024/06/25/20240625141111-ea7a_wm.jpg', 'https://file4.batdongsan.com.vn/crop/115x64/2024/08/19/20240819100307-56df_wm.jpg']",15 triệu/tháng,400 m²,,"Thạch Thất, Hà Nội","Cho thuê mặt bằng DT 400 m², mặt tiền 10 m, chiều cao 11 m. - Vị trí mặt đường quốc lộ 21A gần chợ Hòa Lạc, Thạch Thất, Hà Nội. - Giao thông thuận tiện, gần khu công nghệ cao Láng Hòa Lạc, các trường Đại học. - Thích hợp làm văn phòng công ty, ngân hàng, cửa hàng kinh doanh, phòng khám, gara ô tô, phòng tập gym, tenis... * Giá thuê: 15 triệu / tháng. * Liên hệ: . Miễn mời QC.",Đăng 3 ngày trước
42862531,"Cho thuê mặt bằng ngã tư Vạn Phúc, Hà Đông, DT 2000m2, phù hợp Cà phê, Bi a, bóng bàn, kho,..",https://batdongsan.com.vn/cho-thue-sang-nhuong-cua-hang-ki-ot-duong-van-phuc-phuong-van-phuc-1/cho-mat-bang-nga-tu-ha-dong-dt-2000m2-phu-hop-ca-phe-bi-a-bong-ban-kho-pr42862531,"['https://file4.batdongsan.com.vn/crop/232x186/2025/05/01/20250501073222-e15b_wm.jpg', 'https://file4.batdongsan.com.vn/crop/115x64/2024/11/06/20241106152158-836c_wm.jpg', 'https://file4.batdongsan.com.vn/crop/115x64/2025/05/01/20250501073217-c673_wm.jpg']",50 triệu/tháng,2.000 m²,1,"Hà Đông, Hà Nội","* PS: Để không làm mất thời gian của quý khách hàng tôi cam kết mọi thông tin và hình ảnh dưới đây đều chính xác 100%. Cho thuê mặt bằng ngã tư Vạn Phúc, Hà Đông, DT 2000m², phù hợp Cà phê, Bi a, bóng bàn, kho, giá rẻ nhất Hà Nội. * Thiết kế: + Nhà xây kiên cố, nền bê tông cốt thép, trần mái bằng đã quét sơn cao 3,8m. + Mặt bằng sàn tầng 2, diện tích 2000m², mặt tiền 40m, thông sàn. * Pháp lý: + Đất công ty thuê lâu dài. + HĐ ký 3 năm 1. * Tiện í...",Đăng 3 ngày trước
42750597,"Ban quản lý cho thuê mặt bằng kinh doanh tại Mê Linh Plaza Hà Nội, diện tích linh hoạt, giá 80k/m2",https://batdongsan.com.vn/cho-thue-sang-nhuong-cua-hang-ki-ot-duong-cao-toc-thang-long-noi-bai-xa-me-linh-2/ban-quan-ly-cho-mat-bang-kinh-doanh-tai-plaza-ha-dien-tich-hoat-gia-80k-m2-pr42750597,"['https://file4.batdongsan.com.vn/crop/232x186/2024/11/20/20241120144807-f876_wm.jpg', 'https://file4.batdongsan.com.vn/crop/115x64/2024/11/20/20241120142426-7aaf_wm.jpg', 'https://file4.batdongsan.com.vn/crop/115x64/2024/11/20/20241120144807-0992_wm.jpg']",80 nghìn/m²,500 m²,,"Mê Linh, Hà Nội","Cửa hàng cho thuê thuộc dự án dự án Eurowindow, Mê Linh Plaza Hà Nội, tại Đường Cao tốc Thăng Long Nội Bài, Xã Mê Linh, Mê Linh, Hà Nội với diện tích linh hoạt 500 m², 1000m², 1500m². Đây là một vị trí lý tưởng cho các hoạt động thương mại với không gian rộng rãi và thoáng đãng.+ Diện tích linh hoạt tùy nhu cầu, phù hợp cho nhiều loại hình kinh doanh. + Giá cho thuê chỉ 80 nghìn / m², rất hợp lý cho các doanh nghiệp. + Thời gian cho thuê linh hoạ...",Đăng 5 ngày trước
42829335,"Cho thuê mặt bằng kinh doanh 500m2 mặt tiền đẹp xuất sắc Phố Huế, Hai Bà Trưng, Hà Nội.",https://batdongsan.com.vn/cho-thue-sang-nhuong-cua-hang-ki-ot-pho-pho-hue-phuong-pho-hue/cho-mat-bang-kinh-doanh-500m2-mat-tien-dep-xuat-sac-hai-ba-trung-ha-noi-pr42829335,"['https://file4.batdongsan.com.vn/crop/232x186/2025/04/25/20250425173058-c9aa_wm.jpg', 'https://file4.batdongsan.com.vn/crop/115x64/2025/04/25/20250425174324-9932_wm.jpg', 'https://file4.batdongsan.com.vn/crop/115x64/2025/04/25/20250425174344-d3ba_wm.jpg']",Giá thỏa thuận,500 m²,,"Hai Bà Trưng, Hà Nội","MBKD cho thuê tại Phố Huế, Hai Bà Trưng, Hà Nội với diện tích 500m² và mặt tiền siêu rộng 15m, cực kỳ phù hợp cho các bạn trẻ muốn khởi nghiệp hay mở cửa hàng kinh doanh. - Giá thỏa thuận - Mặt tiền rộng, dễ dàng thu hút khách hàng - Thời gian thuê linh hoạt, tối thiểu 36 tháng - Phù hợp với mọi mô hình kinh doanh - Không gian thoáng đãng, dễ dàng thiết kế theo ý tưởng của mình Khu vực xung quanh - Bệnh viện trung ương quân đội 108 - Si...",Đăng 1 tuần trước
42829139,"Cho thuê mặt bằng kinh doanh siêu chất tại mặt phố Bà Triệu, 120m2",https://batdongsan.com.vn/cho-thue-sang-nhuong-cua-hang-ki-ot-pho-ba-trieu-phuong-le-dai-hanh/cho-mat-ng-kinh-doanh-sieu-chat-tai-mat-120m2-pr42829139,"['https://file4.batdongsan.com.vn/crop/232x186/2025/04/25/20250425171359-71c7_wm.jpg', 'https://file4.batdongsan.com.vn/crop/115x64/2025/04/25/20250425171426-3d0a_wm.jpg', 'https://file4.batdongsan.com.vn/crop/115x64/2025/04/25/20250425171426-ae0b_wm.jpg']",90 triệu/tháng,120 m²,,"Hai Bà Trưng, Hà Nội","Mặt bằng kinh doanh cho thuê ngay mặt phố Bà Triệu, p Lê Đại Hành, Q. Hai Bà Trưng, Hà Nội. Mặt tiền rộng 7m, diện tích 120m², cực kỳ phù hợp cho các mô hình kinh doanh như shop thời trang, spa, salon tóc, hay cửa hàng tiện lợi... Không thể bỏ qua!Mặt tiền lớn giúp thu hút khách hàng dễ dàng, không gian thoáng đãng, dễ dàng bài trí. Khu vực này sầm uất, phù hợp cho việc kinh doanh và phát triển thương hiệu.Gần trường học, chợ, và công viên, chỉ t...",Đăng 1 tuần trước
42659741,Chính chủ cho thuê mặt bình kinh doanh tại 507 Ngọc Hồi - Thanh Trì - Hà Nội,https://batdongsan.com.vn/cho-thue-sang-nhuong-cua-hang-ki-ot-duong-ngoc-hoi-thi-tran-van-dien/chinh-chu-cho-mat-binh-kinh-doanh-tai-507-thanh-tri-ha-noi-pr42659741,"['https://file4.batdongsan.com.vn/crop/232x186/2025/04/08/20250408092930-60bb_wm.jpg', 'https://file4.batdongsan.com.vn/crop/115x64/2025/04/08/20250408092930-0f6f_wm.jpg', 'https://file4.batdongsan.com.vn/crop/115x64/2025/04/08/20250408092930-7443_wm.jpg']",Giá thỏa thuận,560 m²,,"Thanh Trì, Hà Nội","Chính chủ cho mặt bằng kinh doanh tại số 507 Ngọc Hồi - Thanh Trì - Hà Nội (Đối diện ngã 3 Văn Điển). - Phù hợp làm Showroom (điện máy, điện thoại, xe máy điện, quán ăn, siêu thị). - Trung tâm thị trấn Văn Điển. - Mặt bằng sẵn sàng, cho thuê sử dụng được ngay. - Khu vực dân cư đông đúc, thuận tiện giao thông, xe đỗ. - Hợp đồng, pháp lý đảm bảo.",Đăng 1 tuần trước
42821646,Cho thuê ki ốt bán hàng (chính chủ miễn trung gian),https://batdongsan.com.vn/cho-thue-sang-nhuong-cua-hang-ki-ot-pho-lang-ha-phuong-thanh-cong/cho-ban-chinh-chu-mien-trung-gian-pr42821646,"['https://file4.batdongsan.com.vn/crop/232x186/2025/04/25/20250425041939-ceac_wm.jpg', 'https://file4.batdongsan.com.vn/crop/115x64/2025/04/25/20250425041939-4fa5_wm.jpg', 'https://file4.batdongsan.com.vn/crop/115x64/2025/04/25/20250425041939-ab21_wm.jpg']",8 triệu/tháng,15 m²,,"Ba Đình, Hà Nội","Chính chủ cho thuê ki ốt bán hàng cho học sinh. - Diên tích: 15m². - Khu vực trung tâm Láng Hạ, đông dân cư và người qua lại. - Cách công Trường Nguyễn Trường Tộ 10 mét. - Gần các trường cao đẳng nghề, đại học Văn Hoá... - Đường lớn ô tô tránh nhau, sân lớn. - Kinh doanh độc lập tách chủ.",Đăng 1 tuần trước
42671506,"Cho thuê tầng 1 làm cửa hàng hoặc văn phòng phố Nguyễn Văn Lộc, Hà Đông",https://batdongsan.com.vn/cho-thue-sang-nhuong-cua-hang-ki-ot-duong-nguyen-van-loc-phuong-mo-lao/cho-tang-1-lam-hoac-phong-pho-ha-dong-pr42671506,"['https://file4.batdongsan.com.vn/crop/232x186/2025/04/24/20250424150050-4d24_wm.jpg', 'https://file4.batdongsan.com.vn/crop/115x64/2025/04/24/20250424150052-5886_wm.jpg', 'https://file4.batdongsan.com.vn/crop/115x64/2025/04/24/20250424150051-a80d_wm.jpg']",9 triệu/tháng,60 m²,,"Hà Đông, Hà Nội","Cho thuê tầng 1 làm cửa hàng hoặc văn phòng phố Nguyễn Văn Lộc, Hà Đông.* Vị trí: Mặt ngõ rộng 8m, cách mặt phố Nguyễn Văn Lộc chỉ 10m, thuộc phường Mỗ Lao, quận Hà Đông, Hà Nội. Thuận tiện: Ngõ rộng ô tô đỗ tận cửa, khu dân cư sầm uất, kinh doanh tốt. * Thông tin chi tiết: - Diện tích sử dụng: 60m². - Mặt tiền: 5m. - Kết cấu: Tầng 1 riêng biệt, nhà thiết kế hiện đại, phù hợp mở cửa hàng, văn phòng đại diện, spa, salon. - Điện nước đầy đủ, có sẵn...",Đăng 1 tuần trước
42508768,"Cho thuê showroom, cửa hàng mặt đường Ngọc Hồi, vị trí siêu đẹp. DT 544m2 ( gồm 310m2 và 234m2 )",https://batdongsan.com.vn/cho-thue-sang-nhuong-cua-hang-ki-ot-duong-ngoc-hoi-xa-ngoc-hoi-1/cho-showroom-mat-vi-tri-sieu-dep-dt-544m2-gom-310m2-va-234m2-pr42508768,['https://file4.batdongsan.com.vn/crop/232x186/2025/04/18/20250418155439-c82a_wm.jpg'],Giá thỏa thuận,544 m²,,"Thanh Trì, Hà Nội",,Đăng hôm nay
42534483,"Cho thuê cửa hàng 35m2 mặt đường Kim Giang ô tô tránh có vỉa hè, giá tốt",https://batdongsan.com.vn/cho-thue-sang-nhuong-cua-hang-ki-ot-duong-kim-giang-phuong-thanh-tri/cho-35m2-mat-o-to-tranh-co-via-he-gia-tot-pr42534483,['https://file4.batdongsan.com.vn/crop/232x186/2025/03/25/20250325112014-90a1_wm.jpg'],"5,5 triệu/tháng",35 m²,1,"Hoàng Mai, Hà Nội",,Đăng hôm nay
42876891,"Cho thuê cửa hàng riêng biệt mặt phố Hàng Buồm, DT 30m2, 1 tầng, mặt tiền 4m, giá 45tr.",https://batdongsan.com.vn/cho-thue-sang-nhuong-cua-hang-ki-ot-pho-hang-buom-phuong-hang-buom/cho-rieng-biet-mat-dt-30m2-1-tang-mat-tien-4m-gia-45tr-pr42876891,['https://file4.batdongsan.com.vn/crop/232x186/2025/05/04/20250504110434-bcdd_wm.jpg'],45 triệu/tháng,30 m²,1,"Hoàn Kiếm, Hà Nội",,Đăng hôm nay
42822144,"Chính chủ cho thuê MB kinh doanh, lô góc phố Hoàng Ngân, 80m2 * 4 tầng, 2 MT 20m, giá 50tr/ tháng",https://batdongsan.com.vn/cho-thue-sang-nhuong-cua-hang-ki-ot-duong-hoang-ngan-phuong-trung-hoa-4/chinh-chu-cho-mb-kinh-doanh-lo-goc-pho-80m-4-tang-mt-20m-gia-50tr-thang-pr42822144,['https://file4.batdongsan.com.vn/crop/232x186/2025/04/25/20250425080444-cc64_wm.jpg'],50 triệu/tháng,80 m²,,"Cầu Giấy, Hà Nội",,Đăng hôm nay
42790880,"Cho thuê nguyên tòa K. Sạn 9t mới thiết bị 5* full đồ, mặt phố TT gần Hoàn Kiếm, Phố Huế - Bà Triệu",https://batdongsan.com.vn/cho-thue-sang-nhuong-cua-hang-ki-ot-pho-ba-trieu-phuong-phan-chu-trinh/cho-nguyen-toa-k-san-9t-moi-thiet-bi-5-full-do-mat-tt-gan-hoan-kiem-hue-trieu-pr42790880,['https://file4.batdongsan.com.vn/crop/232x186/2025/04/21/20250421225607-5156_wm.jpg'],530 triệu/tháng,1.900 m²,,"Hoàn Kiếm, Hà Nội",,Đăng hôm nay
42875771,"Cho thuê MBKD đường Tôn Thất Thuyết, Cầu Giấy, HN. DT 440m2 1 tầng, MT 40m sâu 11m. Giá 200k/m2/th",https://batdongsan.com.vn/cho-thue-sang-nhuong-cua-hang-ki-ot-duong-ton-that-thuyet-phuong-dich-vong/cho-mbkd-cau-giay-hn-dt-440m2-1-tang-mt-40m-sau-11m-gia-200k-m2-th-pr42875771,['https://file4.batdongsan.com.vn/crop/232x186/2025/02/17/20250217084231-be11_wm.jpg'],200 nghìn/m²,440 m²,2,"Cầu Giấy, Hà Nội",,Đăng hôm nay
42846276,Chi thuê cửa hàng tầng 1. Mặt đường Giải Phóng,https://batdongsan.com.vn/cho-thue-sang-nhuong-cua-hang-ki-ot-duong-giai-phong-phuong-hoang-liet/chi-tang1-mat-phong-pr42846276,['https://file4.batdongsan.com.vn/crop/232x186/2025/04/28/20250428113224-bad6_wm.jpg'],5 triệu/tháng,20 m²,1,"Hoàng Mai, Hà Nội",,Đăng hôm qua
42753072,Cho thuê mặt bằng kinh doanh tầng 1 và 2 tại Thọ Tháp diện tích 200m² tại Thọ Tháp - Cầu Giấy,https://batdongsan.com.vn/cho-thue-sang-nhuong-cua-hang-ki-ot-duong-tho-thap-phuong-dich-vong/cho-mat-bang-kinh-doanh-tang-1-va-2-tai-dien-tich-200m-tai-cau-giay-pr42753072,['https://file4.batdongsan.com.vn/crop/232x186/2025/04/17/20250417133042-80e0_wm.jpg'],60 triệu/tháng,200 m²,,"Cầu Giấy, Hà Nội",,Đăng hôm qua
42873218,Cho thuê tầng 1 nhà mặt phố làm cửa hàng,https://batdongsan.com.vn/cho-thue-sang-nhuong-cua-hang-ki-ot-pho-quan-nhan-phuong-nhan-chinh/cho-tang-1-nha-mat-lam-hang-pr42873218,['https://file4.batdongsan.com.vn/crop/232x186/2025/05/03/20250503141516-4e16_wm.jpg'],11 triệu/tháng,50 m²,1,"Thanh Xuân, Hà Nội",,Đăng hôm qua
42872307,"Cho thuê cửa hàng ki ốt tại Phố Hàng Tre, 7,5 triệu, 12 m2, mặt tiền 4m, hướng Đông Bắc",https://batdongsan.com.vn/cho-thue-sang-nhuong-cua-hang-ki-ot-pho-hang-tre-phuong-ly-thai-to/cho-tai-7-5-trieu-12-m2-mat-tien-4m-huong-dong-bac-pr42872307,['https://file4.batdongsan.com.vn/crop/232x186/2025/05/03/20250503111917-d745_wm.jpg'],"7,5 triệu/tháng",12 m²,1,"Hoàn Kiếm, Hà Nội",,Đăng hôm qua
42871971,"CHÍNH CHỦ CẦN HỢP TÁC CHO THUÊ LÂU DÀI VỚI CÁC LOẠI HÌNH KINH DOANH NHƯ GIÁO DỤC, Y TẾ, CAFE",https://batdongsan.com.vn/cho-thue-sang-nhuong-cua-hang-ki-ot-duong-ngo-thi-nham-phuong-ha-cau-prj-khu-chung-cu-ngo-thi-nham/chinh-chu-can-hop-tac-cho-lau-dai-voi-cac-loai-hinh-kinh-doanh-nhu-giao-duc-y-te-cafe-pr42871971,['https://file4.batdongsan.com.vn/crop/232x186/2025/05/03/20250503103330-c34d_wm.jpg'],45 triệu/tháng,160.000 m²,,"Hà Đông, Hà Nội",,Đăng hôm qua
42174376,"Cho thuê mặt bằng phố Tuệ Tĩnh 80m2, MT 9m, thông sàn, mới đẹp, giá 40tr thương lượng",https://batdongsan.com.vn/cho-thue-sang-nhuong-cua-hang-ki-ot-duong-tue-tinh-phuong-nguyen-du/cho-mat-bang-pho-80m2-mt-9m-thong-san-moi-dep-gia-40tr-pr42174376,['https://file4.batdongsan.com.vn/crop/232x186/2025/02/15/20250215104552-9bb5_wm.jpg'],40 triệu/tháng,80 m²,1,"Hai Bà Trưng, Hà Nội",,Đăng hôm qua
40432057,Hót nhà tôi cho thuê cửa hàng rộng thênh thang 120m2 Xuân Phương container đỗ cửa giá chỉ 8tr/th,https://batdongsan.com.vn/cho-thue-sang-nhuong-cua-hang-ki-ot-duong-70-2-phuong-xuan-phuong/hot-hot-nha-toi-cho-rong-thenh-t-120m-contener-do-gia-chi-6tr-pr40432057,['https://file4.batdongsan.com.vn/crop/232x186/2024/07/18/20240718112649-8b7b_wm.jpg'],8 triệu/tháng,120 m²,1,"Nam Từ Liêm, Hà Nội",,Đăng hôm qua
42871482,"Cho thuê cửa hàng mặt đường 191 Khâm Thiên, gần cơ quan, trường học",https://batdongsan.com.vn/cho-thue-sang-nhuong-cua-hang-ki-ot-pho-kham-thien-phuong-tho-quan/cho-mat-duong-191-gan-co-truong-hoc-pr42871482,['https://file4.batdongsan.com.vn/crop/232x186/2025/05/03/20250503094602-562f_wm.jpg'],15 triệu/tháng,32 m²,,"Đống Đa, Hà Nội",,Đăng hôm qua
42071076,"Cho thuê nhà hàng 630m2 làm nhà hàng, ngay mặt phố Hào nam, Đống Đa",https://batdongsan.com.vn/cho-thue-sang-nhuong-cua-hang-ki-ot-pho-hao-nam-phuong-o-cho-dua/-nha-630m2-2-tang-tong-1260m-tran-cao-ngay-mat-dong-da-pr42071076,['https://file4.batdongsan.com.vn/crop/232x186/2025/01/20/20250120112332-b3a5_wm.jpg'],Giá thỏa thuận,1.260 m²,,"Đống Đa, Hà Nội",,Đăng hôm qua
42870464,"Cho thuê t1+2 mặt phố Kim Mã, mt 6m, sân 30m2, dt sàn 30m2, có chỗ đỗ ô tô.",https://batdongsan.com.vn/cho-thue-sang-nhuong-cua-hang-ki-ot-pho-kim-ma-phuong-ngoc-khanh/cho-t1-2-t-mt-6m-san-30m2-dt-san-30m2-co-cho-do-o-to-pr42870464,['https://file4.batdongsan.com.vn/crop/232x186/2025/05/03/20250503031547-16c3_wm.jpg'],15 triệu/tháng,30 m²,1,"Ba Đình, Hà Nội",,Đăng hôm qua
42869997,"CHO THUÊ MBKD NGUYỄN CHÍ THANH CẦU GIẤU 160M X 2 TẦNG, MẶT TIỀN 8M",https://batdongsan.com.vn/cho-thue-sang-nhuong-cua-hang-ki-ot-duong-nguyen-chi-thanh-phuong-lang-ha/cho-mbkd-cau-giau-160m-x-2-tang-mat-tien-8m-pr42869997,['https://file4.batdongsan.com.vn/crop/232x186/2025/05/02/20250502214333-9d64_wm.jpg'],130 triệu/tháng,160 m²,,"Đống Đa, Hà Nội",,Đăng 2 ngày trước
42116906,"Chính chủ cho thuê nhà mặt phố Láng, nhận phòng ngay",https://batdongsan.com.vn/cho-thue-sang-nhuong-cua-hang-ki-ot-duong-lang-phuong-lang-thuong/chinh-chu-cho-nha-mat-pho-nhan-phong-ngay-pr42116906,['https://file4.batdongsan.com.vn/crop/232x186/2025/02/08/20250208102438-abb6_wm.jpg'],9 triệu/tháng,35 m²,1,"Đống Đa, Hà Nội",,Đăng 2 ngày trước
42869377,"CHO THUÊ MBKD NGUYỄN ĐÌNH THI- TÂY HỒ, 120M X 2 TẦNG + 400M SÂN, MẶT TIỀN 20M",https://batdongsan.com.vn/cho-thue-sang-nhuong-cua-hang-ki-ot-duong-nguyen-dinh-thi-phuong-quang-an-2/cho-mbkd-tay-ho-120m-x-2-tang-400m-san-mat-tien-20m-pr42869377,['https://file4.batdongsan.com.vn/crop/232x186/2025/05/02/20250502013405-4d27_wm.jpg'],150 triệu/tháng,120 m²,,"Tây Hồ, Hà Nội",,Đăng 2 ngày trước
42867516,"CHO THUÊ MBKD TẦNG HẦM CỦA TÒA NHÀ XUÂN DIỆU - TÂY HỒ, 280M, MẶT TIỀN 10M, LÀM NHÀ HÀNG, BI-A, BAR",https://batdongsan.com.vn/cho-thue-sang-nhuong-cua-hang-ki-ot-duong-xuan-dieu-phuong-quang-an-2/cho-mbkd-tang-ham-toa-nha-tay-ho-280m-mat-tien-10m-lam-nha-bi-a-bar-pr42867516,['https://file4.batdongsan.com.vn/crop/232x186/2025/05/01/20250501223242-8699_wm.jpg'],55 triệu/tháng,280 m²,,"Tây Hồ, Hà Nội",,Đăng 2 ngày trước
42161655,"Siêu hot cho thuê 500m2, mặt tiền 22m, ngay mặt phố Trần Phú, Hà Đông",https://batdongsan.com.vn/cho-thue-sang-nhuong-cua-hang-ki-ot-duong-tran-phu-phuong-van-quan/sieu-hot-cho-500m2-mat-tien-22m-ngay-mat-pho-ha-dong-pr42161655,['https://file4.batdongsan.com.vn/crop/232x186/2025/02/13/20250213170534-888c_wm.jpg'],Giá thỏa thuận,500 m²,,"Hà Đông, Hà Nội",,Đăng 2 ngày trước
42756251,"Siêu hot cho thuê 1500m2 mặt phố Hoàng Cầu Đống Đa, view hồ Mặt tiền ~50m siêu đẹp",https://batdongsan.com.vn/cho-thue-sang-nhuong-cua-hang-ki-ot-pho-hoang-cau-phuong-o-cho-dua/sieu-hot-1500m2-mat-dong-da-view-ho-mat-tien-50m-sieu-dep-pr42756251,['https://file4.batdongsan.com.vn/crop/232x186/2025/04/17/20250417171953-f992_wm.jpg'],Giá thỏa thuận,1.500 m²,,"Đống Đa, Hà Nội",,Đăng 2 ngày trước
42358143,Cho thuê Kiot HH Linh Đàm thuận tiện cho việc kinh doanh,https://batdongsan.com.vn/cho-thue-sang-nhuong-cua-hang-ki-ot-duong-linh-duong-phuong-hoang-liet-prj-hh1-linh-dam/cho-kiot-hh-thuan-tien-cho-viec-kinh-doanh-pr42358143,['https://file4.batdongsan.com.vn/crop/232x186/2025/03/07/20250307093102-3224_wm.jpg'],Giá thỏa thuận,250 m²,,"Hoàng Mai, Hà Nội",,Đăng 2 ngày trước
42362195,"Cho thuê cửa hàng mặt phố Bùi Thị Xuân 60m2, mặt tiền 4m, riêng biệt, giá 25 triệu",https://batdongsan.com.vn/cho-thue-sang-nhuong-cua-hang-ki-ot-duong-bui-thi-xuan-phuong-bui-thi-xuan/cho-mat-pho-60m2-mat-tien-4m-rieng-biet-gia-25-trieu-pr42362195,['https://file4.batdongsan.com.vn/crop/232x186/2025/03/07/20250307144344-2dcd_wm.jpg'],25 triệu/tháng,60 m²,1,"Hai Bà Trưng, Hà Nội",,Đăng 2 ngày trước
42866452,"Cho thuê MBKD Phố Huế Gần chợ Hôm, 77m x 2.5 tầng dưới, Mặt tiền 4m, Kinh doanh mọi mô hình",https://batdongsan.com.vn/cho-thue-sang-nhuong-cua-hang-ki-ot-pho-pho-hue-phuong-hang-bai/cho-mbkd-gan-cho-hom-77m-x-2-5-tang-duoi-mat-tien-4m-kinh-doanh-moi-mo-hinh-pr42866452,['https://file4.batdongsan.com.vn/crop/232x186/2025/05/02/20250502094916-f542_wm.jpg'],64 triệu/tháng,77 m²,,"Hoàn Kiếm, Hà Nội",,Đăng 2 ngày trước
42717299,"Mặt bằng 200m² - 300m² đẹp vị trí vàng trên trục Ngọc Hồi, kinh doanh cực đỉnh!",https://batdongsan.com.vn/cho-thue-sang-nhuong-cua-hang-ki-ot-phuong-hoang-liet/mat-bang-200m-300m-dep-vi-tri-vang-tren-truc-ngoc-hoi-kinh-doanh-cuc-dinh-pr42717299,['https://file4.batdongsan.com.vn/crop/232x186/2025/04/14/20250414091239-e833_wm.jpg'],Giá thỏa thuận,300 m²,,"Hoàng Mai, Hà Nội",,Đăng 2 ngày trước
42759165,"Cho thuê mặt bằng kinh doanh Đ/c: số 2 Trần Hữu Dực, Mỹ Đình 2 Nam Từ Liêm. Diện tích: 105m2 185m2",https://batdongsan.com.vn/cho-thue-sang-nhuong-cua-hang-ki-ot-duong-tran-huu-duc-phuong-my-dinh-2/cho-mat-bang-kinh-doanh-d-c-so-2-2-nam-tu-liem-dien-tich-105m2-185m2-pr42759165,['https://file4.batdongsan.com.vn/crop/232x186/2025/04/18/20250418082718-424f_wm.jpg'],200 nghìn/m²,200 m²,,"Nam Từ Liêm, Hà Nội",,Đăng 2 ngày trước
42865674,Cho thuê tầng 1; sẽ làm khép kín riêng phòng nếu khách yêu cầu. Gần đường 5; để được nhiều ô tô.,https://batdongsan.com.vn/cho-thue-sang-nhuong-cua-hang-ki-ot-duong-nguyen-van-linh-phuong-phuc-dong/cho-tang-1-se-lam-khep-kin-rieng-phong-neu-khach-yeu-cau-gan-5-de-duoc-nhieu-o-to-pr42865674,['https://file4.batdongsan.com.vn/crop/232x186/2025/05/02/20250502075747-a66b_wm.jpg'],"3,5 triệu/tháng",56 m²,1,"Long Biên, Hà Nội",,Đăng 2 ngày trước
42429284,"Cho thuê cửa hàng mặt phố Phan Kế Bính, P. Liễu Giai, 130m2, bề rộng 8m, cafe, vp, spa, 15 tr/th",https://batdongsan.com.vn/cho-thue-sang-nhuong-cua-hang-ki-ot-duong-phan-ke-binh-phuong-lieu-giai/cho-mat-pho-p-130m2-be-rong-8m-cafe-vp-spa-15-tr-th-pr42429284,['https://file4.batdongsan.com.vn/crop/232x186/2023/04/08/20230408071121-ffa1_wm.jpg'],15 triệu/tháng,130 m²,,"Ba Đình, Hà Nội",,Đăng 3 ngày trước
42864190,"Cho thuê cửa hàng, văn phòng tại 297 Vũ Hữu, Thanh Xuân, Hà Nội. Giá 11tr/th Liên hệ: 0984 532 ***.",https://batdongsan.com.vn/cho-thue-sang-nhuong-cua-hang-ki-ot-phuong-thanh-xuan-bac/cho-van-phong-tai-297-vu-huu-ha-noi-gia-11tr-th-lien-he-pr42864190,['https://file4.batdongsan.com.vn/crop/232x186/2025/05/01/20250501155016-0d3f_wm.jpg'],11 triệu/tháng,50 m²,1,"Thanh Xuân, Hà Nội",,Đăng 3 ngày trước
42864153,Cho thuê cửa hàng kinh doanh đường mặt Yên Phúc - Hà Đông,https://batdongsan.com.vn/cho-thue-sang-nhuong-cua-hang-ki-ot-duong-yen-phuc-phuong-kien-hung/cho-kinh-doanh-mat-ha-dong-pr42864153,['https://file4.batdongsan.com.vn/crop/232x186/2025/05/01/20250501154109-7b17_wm.jpg'],30 triệu/tháng,110 m²,,"Hà Đông, Hà Nội",,Đăng 3 ngày trước
39911089,"TingTong 112 - MBKD spa, salon, nhà thuốc, phù hợp mọi loại hình kinh doanh khu vực Phạm Văn Đồng",https://batdongsan.com.vn/cho-thue-sang-nhuong-cua-hang-ki-ot-duong-pham-van-dong-phuong-mai-dich/tingtong-112-mbkd-spa-salon-nha-thuoc-phu-hop-moi-loai-hinh-kinh-doanh-khu-vuc-dong-pr39911089,['https://file4.batdongsan.com.vn/crop/232x186/2024/05/21/20240521103824-0ec7_wm.jpg'],"4,45 triệu/tháng",20 m²,1,"Cầu Giấy, Hà Nội",,Đăng 3 ngày trước
42598649,Cho thuê chân đế Mipec đường N6 mặt LK Mipec chia ngăn cho thuê 1 nửa của 1 cửa - giá 8tr/tháng,https://batdongsan.com.vn/cho-thue-sang-nhuong-cua-hang-ki-ot-phuong-kien-hung-prj-mipec-city-view/cho-chan-de-duong-n6-mat-lien-ke-dt80m2-kiot-2-em-cho-1-40m2-7tr-thang-pr42598649,['https://file4.batdongsan.com.vn/crop/232x186/2025/04/01/20250401113110-b7f0_wm.jpg'],8 triệu/tháng,30 m²,1,"Hà Đông, Hà Nội",,Đăng 3 ngày trước
42859920,"Cho thuê cửa hàng mặt ngõ 106 Lê Thanh Nghị, Bách Khoa, Hai Bà Trưng, Hà Nội, 8 triệu, 45 m2",https://batdongsan.com.vn/cho-thue-sang-nhuong-cua-hang-ki-ot-pho-le-thanh-nghi-phuong-bach-khoa/cho-mat-ngo-106-hai-ba-trung-ha-noi-8-trieu-45-m2-pr42859920,['https://file4.batdongsan.com.vn/crop/232x186/2025/04/30/20250430091134-b271_wm.jpg'],8 triệu/tháng,45 m²,1,"Hai Bà Trưng, Hà Nội",,Đăng 3 ngày trước
39745934,Cho thuê tầng 1 tại Ngõ 26 Nguyên Hồng - Đống Đa mặt tiền 5m DT 45m2 làm cafe giá thuê 12tr/th,https://batdongsan.com.vn/cho-thue-sang-nhuong-cua-hang-ki-ot-duong-nguyen-hong-phuong-lang-ha/cho-tang-1-tai-dong-da-mat-tien-5m-dt-50m2-lam-cafe-gia-15tr-th-pr39745934,['https://file4.batdongsan.com.vn/crop/232x186/2024/05/04/20240504070555-6700_wm.jpg'],12 triệu/tháng,45 m²,1,"Đống Đa, Hà Nội",,Đăng 3 ngày trước
42860705,"Cho thuê cửa hàng kiot giá rẻ 2,5 triệu/tháng khu đông dân cư tại Cổ Nhuế, Bắc Từ Liêm",https://batdongsan.com.vn/cho-thue-sang-nhuong-cua-hang-ki-ot-phuong-co-nhue-2/cho-kiot-gia-re-2-5-trieu-t-khu-dong-dan-cu-tai-bac-tu-liem-pr42860705,['https://file4.batdongsan.com.vn/crop/232x186/2025/04/30/20250430132820-488f_wm.jpg'],"2,5 triệu/tháng",30 m²,,"Bắc Từ Liêm, Hà Nội",,Đăng 4 ngày trước
42860659,"Chính chủ cho thuê cửa hàng giá rẻ thuận tiện kinh doanh khu đông dân cư tại Cổ Nhuế, Bắc Từ Liêm",https://batdongsan.com.vn/cho-thue-sang-nhuong-cua-hang-ki-ot-phuong-co-nhue-2/chinh-chu-cho-gia-re-thuan-tien-kinh-doanh-khu-dong-dan-cu-tai-bac-tu-liem-pr42860659,['https://file4.batdongsan.com.vn/crop/232x186/2025/04/30/20250430125938-eea5_wm.jpg'],Giá thỏa thuận,30 m²,,"Bắc Từ Liêm, Hà Nội",,Đăng 4 ngày trước
42860193,"Cho thuê gấp cửa hàng massage 2 tầng mặt đường phố Trần Cung, phường Cổ Nhuế 1, quận Bắc Từ Liêm",https://batdongsan.com.vn/cho-thue-sang-nhuong-cua-hang-ki-ot-pho-tran-cung-phuong-co-nhue-1/cho-gap-massage-2-tang-mat-duong-1-quan-bac-tu-liem-pr42860193,['https://file4.batdongsan.com.vn/crop/232x186/2025/04/24/20250424103845-4287_wm.jpg'],14 triệu/tháng,84 m²,2,"Bắc Từ Liêm, Hà Nội",,Đăng 4 ngày trước
42044793,"Cho thuê mặt bằng kinh doanh tại Mê Linh Plaza Hà Nội, giá 80k/m2, diện tích theo nhu cầu",https://batdongsan.com.vn/cho-thue-sang-nhuong-cua-hang-ki-ot-duong-cao-toc-thang-long-noi-bai-xa-me-linh-2/cho-mat-bang-kinh-doanh-tai-plaza-ha-gia-80k-m2-dien-tich-theo-nhu-cau-pr42044793,['https://file4.batdongsan.com.vn/crop/232x186/2025/02/27/20250227090857-c65d_wm.jpg'],80 nghìn/m²,500 m²,,"Mê Linh, Hà Nội",,Đăng 5 ngày trước
42749483,"CĐT cho thuê mặt bằng tại 77 - 79 Đặng Văn Ngữ, giá tốt, 500k/m2/th, diện tích linh hoạt",https://batdongsan.com.vn/cho-thue-sang-nhuong-cua-hang-ki-ot-duong-dang-van-ngu-phuong-phuong-lien-trung-tu/cdt-cho-mat-bang-tai-77-79-gia-tot-500k-m2-th-dien-tich-linh-hoat-pr42749483,['https://file4.batdongsan.com.vn/crop/232x186/2024/11/20/20241120144013-d484_wm.jpg'],500 nghìn/m²,500 m²,,"Đống Đa, Hà Nội",,Đăng 5 ngày trước
42773216,"Cho thuê nhà mặt phố Ngọc Hà cạnh Lăng Bác, DT 210m² x 2T, MT 6m, riêng biệt, thông sàn",https://batdongsan.com.vn/cho-thue-sang-nhuong-cua-hang-ki-ot-duong-ngoc-ha-phuong-ngoc-ha/cho-n-mat-pho-canh-lang-bac-dt-210m-x-2t-mt-6m-rieng-biet-thong-san-pr42773216,['https://file4.batdongsan.com.vn/crop/232x186/2025/04/19/20250419143335-48c5_wm.jpg'],100 triệu/tháng,210 m²,,"Ba Đình, Hà Nội",,Đăng 5 ngày trước
42773995,"Cho thuê MBKD mặt phố Nguyễn Văn Tuyết, gần Ngã Tư Sở, DT 350m², 2 tầng, MT hơn 10m, mọi mô hình",https://batdongsan.com.vn/cho-thue-sang-nhuong-cua-hang-ki-ot-duong-nguyen-van-tuyet-phuong-trung-liet/cho-mbkd-mat-pho-gan-nga-tu-so-dt-350m-2-tang-mt-hon-10m-moi-mo-hinh-pr42773995,['https://file4.batdongsan.com.vn/crop/232x186/2025/04/19/20250419154216-86d7_wm.jpg'],70 triệu/tháng,350 m²,,"Đống Đa, Hà Nội",,Đăng 5 ngày trước
42857403,"Cho thuê MBKD phố Thái Hà, gần Vincom, sàn 166m² (MT 7m) & 220m² (MT 12m), kinh doanh mọi mô hình",https://batdongsan.com.vn/cho-thue-sang-nhuong-cua-hang-ki-ot-pho-thai-ha-phuong-lang-ha/cho-mbkd-gan-vincom-san-166m-mt-7m-220m-mt-12m-kinh-doanh-moi-mo-hinh-pr42857403,['https://file4.batdongsan.com.vn/crop/232x186/2025/04/29/20250429155107-f22e_wm.jpg'],166 triệu/tháng,220 m²,,"Đống Đa, Hà Nội",,Đăng 5 ngày trước
41974101,"Cho thuê cửa hàng 50m2 tại Lê Văn Lương, Trung Hòa, Cầu Giấy, Hà Nội, 26 triệu VND",https://batdongsan.com.vn/cho-thue-sang-nhuong-cua-hang-ki-ot-duong-le-van-luong-phuong-trung-hoa-4/cho-50m2-tai-cau-giay-ha-noi-30-trieu-vnd-pr41974101,['https://file4.batdongsan.com.vn/crop/232x186/2025/01/02/20250102113048-1ced_wm.jpg'],26 triệu/tháng,50 m²,1,"Cầu Giấy, Hà Nội",,Đăng 5 ngày trước
42580010,"Tòa nhà HB cho thuê tầng 1 - Thanh Trì giáp Quận Thanh Xuân, Hoàng Mai",https://batdongsan.com.vn/cho-thue-sang-nhuong-cua-hang-ki-ot-duong-thanh-liet-xa-thanh-liet/toa-nha-hb-cho-tang-1-tri-giap-quan-xuan-hoang-mai-pr42580010,['https://file4.batdongsan.com.vn/crop/232x186/2023/08/06/20230806201818-5c1a_wm.jpg'],21 triệu/tháng,120 m²,2,"Thanh Trì, Hà Nội",,Đăng 5 ngày trước
42855257,CHO THUÊ TẦNG 1 DIỆN TÍCH 50M.NHÀ HAI MẶT NGÕ. MẶT TIỀN RỘNG HƠN 10M NGÕ Ô TÔ TRÁNH,https://batdongsan.com.vn/cho-thue-sang-nhuong-cua-hang-ki-ot-pho-chua-lang-phuong-lang-thuong/cho-tang-1-dien-tich-50m-mat-tien-rong-hon-10m-ngo-o-to-vao-tan-noi-pr42855257,['https://file4.batdongsan.com.vn/crop/232x186/2025/05/04/20250504125445-5d45_wm.jpg'],15 triệu/tháng,50 m²,,"Đống Đa, Hà Nội",,Đăng 5 ngày trước
42058901,"Tòa nhà HB cho thuê tầng 1 mặt đường - Thanh Trì giáp Quận Thanh Xuân, Hoàng Mai",https://batdongsan.com.vn/cho-thue-sang-nhuong-cua-hang-ki-ot-duong-thanh-liet-xa-thanh-liet/toa-nha-hb-cho-tang-1-mat-tri-giap-quan-xuan-hoang-mai-pr42058901,['https://file4.batdongsan.com.vn/crop/232x186/2024/05/12/20240512114330-4b74_wm.jpg'],21 triệu/tháng,120 m²,2,"Thanh Trì, Hà Nội",,Đăng 5 ngày trước
42850708,"Cho thuê gấp cửa hàng 2 tầng mặt đường phố Trần Cung, phường Cổ Nhuế 1, quận Bắc Từ Liêm",https://batdongsan.com.vn/cho-thue-sang-nhuong-cua-hang-ki-ot-pho-tran-cung-phuong-co-nhue-1/cho-gap-2-tang-mat-duong-1-quan-bac-tu-liem-pr42850708,['https://file4.batdongsan.com.vn/crop/232x186/2025/04/24/20250424103845-4287_wm.jpg'],14 triệu/tháng,84 m²,2,"Bắc Từ Liêm, Hà Nội",,Đăng 5 ngày trước
42467596,"Chính chủ cho thuê mặt bằng kinh doanh tầng 1 coffee, trà sữa tại Him Lam Vạn Phúc, Hà Đông, Hà Nội",https://batdongsan.com.vn/cho-thue-sang-nhuong-cua-hang-ki-ot-phuong-van-phuc-1/chinh-chu-cho-mat-bang-kinh-doanh-tang-1-coffee-tra-sua-tai-himlam-ha-dong-ha-noi-pr42467596,['https://file4.batdongsan.com.vn/crop/232x186/2025/03/18/20250318114118-0ac6_wm.jpg'],12 triệu/tháng,60 m²,1,"Hà Đông, Hà Nội",,Đăng 5 ngày trước
42498333,"Cho thuê mặt bằng siêu hot tại tầng 1 Keangnam, 110 triệu, 436 m2 phù hợp làm nhà hàng",https://batdongsan.com.vn/cho-thue-sang-nhuong-cua-hang-ki-ot-duong-pham-hung-phuong-me-tri-prj-keangnam-hanoi-landmark-tower/cho-sieu-hot-tai-110-trieu-436-m2-pr42498333,['https://file4.batdongsan.com.vn/crop/232x186/2025/03/21/20250321102817-b096_wm.jpg'],110 triệu/tháng,436 m²,,"Nam Từ Liêm, Hà Nội",,Đăng 6 ngày trước
41140955,"Cho thuê làm cửa hàng giá 2x triệu/ tháng tại Hope Residence, Long Biên, Hà Nội",https://batdongsan.com.vn/cho-thue-sang-nhuong-cua-hang-ki-ot-duong-chu-huy-man-phuong-phuc-dong-prj-hope-residence/cho-gia-25-trieu-t-tai-long-bien-ha-noi-pr41140955,['https://file4.batdongsan.com.vn/crop/232x186/2024/10/08/20241008092204-5cb1_wm.jpg'],25 triệu/tháng,114 m²,1,"Long Biên, Hà Nội",,Đăng 6 ngày trước
42568202,"Cho thuê chân đế tầng 1 kiot 107 - M6 Mipec mặt nội khu Đẹp - MS 84m2, MT 6m - giá thuê: 15tr/tháng",https://batdongsan.com.vn/cho-thue-sang-nhuong-cua-hang-ki-ot-phuong-kien-hung-prj-mipec-city-view/cho-chan-de-tang-1-kiot-107-m6-mat-noi-khu-dep-ms-84m2-mt6m2-gia-1x-thang-pr42568202,['https://file4.batdongsan.com.vn/crop/232x186/2025/03/28/20250328145640-5d6e_wm.jpg'],15 triệu/tháng,84 m²,1,"Hà Đông, Hà Nội",,Đăng 6 ngày trước
39001113,Cho thuê T1 shophouse kinh doanh 75m2 sầm uất giá chỉ từ 11tr - cả nhà 31tr full điều hòa. Miễn MG,https://batdongsan.com.vn/cho-thue-sang-nhuong-cua-hang-ki-ot-duong-nguyen-xien-phuong-dai-kim-prj-the-manor-central-park/chinh-chu-cho-t1-shophouse-kinh-doanh-75m2-sam-uat-gia-chi-tu-11-trieu-full-dieu-hoa-mien-mg-pr39001113,['https://file4.batdongsan.com.vn/crop/232x186/2024/01/13/20240113225440-7cf4_wm.jpg'],31 triệu/tháng,75 m²,5,"Hoàng Mai, Hà Nội",,Đăng 6 ngày trước
42317199,"Cho thuê chân đế cung cư mặt đường Trần Phú Hà Đông, diện tích 500m2, mặt tiền 20m",https://batdongsan.com.vn/cho-thue-sang-nhuong-cua-hang-ki-ot-duong-tran-phu-phuong-mo-lao/mat-bang-kinh-doanh-sieu-vip-ha-dong-dien-tich-500m-mat-tien-20m-pr42317199,['https://file4.batdongsan.com.vn/crop/232x186/2025/03/03/20250303112710-9074_wm.jpg'],725 nghìn/m²,500 m²,,"Hà Đông, Hà Nội",,Đăng 6 ngày trước
42848469,"Siêu phẩm mặt bằng kinh doanh Hàng Bè - Hoàn Kiếm, 65m2x2 tầng, mặt tiền 5m, mọi mô hình",https://batdongsan.com.vn/cho-thue-sang-nhuong-cua-hang-ki-ot-pho-hang-be-phuong-hang-bac/sieu-pham-mat-bang-kinh-doanh-hoan-kiem-65m2x2-tang-mat-tien-5m-moi-mo-hinh-pr42848469,['https://file4.batdongsan.com.vn/crop/232x186/2025/04/28/20250428143739-9ca7_wm.jpg'],70 triệu/tháng,65 m²,,"Hoàn Kiếm, Hà Nội",,Đăng 6 ngày trước
41612171,"Hàng độc tại 168 đường Trịnh Văn Bô, cho thuê không gian sang trọng, tổ chức sự kiện thành công",https://batdongsan.com.vn/cho-thue-sang-nhuong-cua-hang-ki-ot-duong-trinh-van-bo-phuong-xuan-phuong/-doc-tai-168-cho-khong-gian-trong-to-chuc-su-kien-thanh-cong-pr41612171,['https://file4.batdongsan.com.vn/crop/232x186/2025/01/22/20250122163221-cae9_wm.jpg'],392 nghìn/m²,800 m²,2,"Nam Từ Liêm, Hà Nội",,Đăng 6 ngày trước
42847307,"Cho thuê cửa hàng tại D’. El Dorado II, 30 triệu, 100m2",https://batdongsan.com.vn/cho-thue-sang-nhuong-cua-hang-ki-ot-duong-vo-chi-cong-phuong-xuan-la-prj-d-el-dorado-ii/cho-tai-orao-30-trieu-100m2-pr42847307,['https://file4.batdongsan.com.vn/crop/232x186/2025/04/28/20250428121129-28de_wm.jpg'],30 triệu/tháng,100 m²,1,"Tây Hồ, Hà Nội",,Đăng 6 ngày trước
34328009,BQL tổng hợp cho thuê shop chân đế Times City - Park Hill tòa nhà hạng A Century Tower Times City,https://batdongsan.com.vn/cho-thue-sang-nhuong-cua-hang-ki-ot-duong-minh-khai-phuong-vinh-tuy-prj-vinhomes-times-city-park-hill/bql-tong-hop-cho-shop-chan-de-toa-nha-a-century-tower-pr34328009,['https://file4.batdongsan.com.vn/crop/232x186/2022/07/04/20220704115315-fa62_wm.jpg'],46 triệu/tháng,80 m²,,"Hai Bà Trưng, Hà Nội",,Đăng 6 ngày trước
42819446,"Cho thuê MBKD 350m2, 668m2 vị trí siêu đẹp tại ngã 3 Tây Sơn - Thái Thịnh, Đống Đa, Hà Nội.",https://batdongsan.com.vn/cho-thue-sang-nhuong-cua-hang-ki-ot-duong-tay-son-phuong-trung-liet-prj-mipec-towers/cho-mbkd-350m2-668m2-vi-tri-sieu-dep-tai-nga-3-thai-thinh-dong-da-ha-noi-pr42819446,['https://file4.batdongsan.com.vn/crop/232x186/2025/04/24/20250424170007-338c_wm.jpg'],Giá thỏa thuận,668 m²,,"Đống Đa, Hà Nội",,Đăng 6 ngày trước
42846226,Cho thuê nhà mặt phố Giảng Võ - Vị trí đẹp - Mặt tiền lô góc - Nhận diện tốt - Giá rất tốt,https://batdongsan.com.vn/cho-thue-sang-nhuong-cua-hang-ki-ot-pho-giang-vo-phuong-giang-vo/cho-nha-mat-vi-tri-dep-mat-tien-lo-goc-nhan-dien-tot-gia-rat-tot-pr42846226,['https://file4.batdongsan.com.vn/crop/232x186/2024/04/08/20240408172706-e13f_wm.jpg'],100 triệu/tháng,300 m²,,"Ba Đình, Hà Nội",,Đăng 6 ngày trước
42845903,Cho thuê MBKD cực phẩm mặt phố Lê Thái Tổ nhận diện đỉnh mặt tiền 8m 0913 319 ***,https://batdongsan.com.vn/cho-thue-sang-nhuong-cua-hang-ki-ot-duong-le-thai-to-phuong-hang-trong/cho-mbkd-cuc-pham-mat-pho-nhan-dien-dinh-mat-tien-8m-pr42845903,['https://file4.batdongsan.com.vn/crop/232x186/2025/04/28/20250428102130-cd40_wm.jpg'],"206,48 triệu/tháng",100 m²,,"Hoàn Kiếm, Hà Nội",,Đăng 6 ngày trước
42845659,"Cho thuê MBKD mặt phố tấp lập Trần Kim Xuyến, vị trí cực đẹp 85m2 x 4 tầng, MT 5m 0913 319 ***",https://batdongsan.com.vn/cho-thue-sang-nhuong-cua-hang-ki-ot-duong-tran-kim-xuyen-phuong-trung-hoa-4/cho-mbkd-mat-pho-tap-lap-vi-tri-cuc-dep-85m2-x-4-tang-mt-5m-pr42845659,['https://file4.batdongsan.com.vn/crop/232x186/2025/04/28/20250428100712-91b9_wm.jpg'],50 triệu/tháng,85 m²,,"Cầu Giấy, Hà Nội",,Đăng 6 ngày trước
42845567,Cho thuê MBKD của hiếm phố Lương Ngọc Quyến - Hoàn Kiếm MT 5m kinh doanh mọi mô hình 0913 319 ***,https://batdongsan.com.vn/cho-thue-sang-nhuong-cua-hang-ki-ot-duong-luong-ngoc-quyen-phuong-phuc-tan/cho-mbkd-hiem-pho-hoan-kiem-mt-5m-kinh-doanh-moi-mo-hinh-pr42845567,['https://file4.batdongsan.com.vn/crop/232x186/2025/04/28/20250428100132-6629_wm.jpg'],180 triệu/tháng,70 m²,,"Hoàn Kiếm, Hà Nội",,Đăng 6 ngày trước
42806313,Cho thuê mặt bằng tầng 1 DT 80m2 tại Ngõ 36 Trần Điền Q.Thanh Xuân nhà mới chỉ việc vào kinh doanh,https://batdongsan.com.vn/cho-thue-sang-nhuong-cua-hang-ki-ot-pho-tran-dien-phuong-khuong-mai/cho-mat-bang-tang-1-dt-80m2-tai-ngo-36-q-thanh-xuan-nha-moi-chi-viec-vao-kinh-doanh-pr42806313,['https://file4.batdongsan.com.vn/crop/232x186/2025/04/23/20250423131939-eb37_wm.jpg'],19 triệu/tháng,70 m²,,"Thanh Xuân, Hà Nội",,Đăng 6 ngày trước
40493098,"Cho thuê showroom MBKD tầng 1 tòa nhà 39 Vũ Thạnh 210 m2, mặt tiền 15m LH 0389 930 ***",https://batdongsan.com.vn/cho-thue-sang-nhuong-cua-hang-ki-ot-duong-vu-thanh-1-phuong-o-cho-dua/-showroom-mbkd-tang-1-toa-nha-39-210-m2-mat-tien-15m-lh-pr40493098,['https://file4.batdongsan.com.vn/crop/232x186/2024/07/25/20240725094807-dc69_wm.jpg'],68 triệu/tháng,210 m²,1,"Đống Đa, Hà Nội",,Đăng 6 ngày trước
42843738,"Cho thuê cửa hàng 98 Bạch Mai, Hai Bà Trưng",https://batdongsan.com.vn/cho-thue-sang-nhuong-cua-hang-ki-ot-pho-bach-mai-phuong-bach-khoa/cho-98-hai-ba-trung-pr42843738,['https://file4.batdongsan.com.vn/crop/232x186/2025/04/28/20250428063142-7788_wm.jpg'],7 triệu/tháng,12 m²,1,"Hai Bà Trưng, Hà Nội",,Đăng 6 ngày trước
42841279,Chính chủ cho thuê mặt bằng 12m diện tích sử dụng 125m2 tại ngõ 168 Nguyễn Xiển,https://batdongsan.com.vn/cho-thue-sang-nhuong-cua-hang-ki-ot-duong-nguyen-xien-phuong-ha-dinh/cho-mat-bang-12m-tnh-xuan-noi-62-trieu-125-m2-pr42841279,['https://file4.batdongsan.com.vn/crop/232x186/2025/04/27/20250427090108-b154_wm.jpg'],Giá thỏa thuận,125 m²,,"Thanh Xuân, Hà Nội",,Đăng 6 ngày trước
42844572,"Siêu phẩm mặt bằng kinh doanh Lê Thái Tổ Hoàn Kiếm nhận diện thương hiệu: DT 120m2, MT 8m siêu vip",https://batdongsan.com.vn/cho-thue-sang-nhuong-cua-hang-ki-ot-duong-le-thai-to-phuong-hang-trong/sieu-pham-mat-bang-kinh-doanh-hoan-kiem-nhan-dien-thuong-hieu-dt-120m2-mt-8m-sieu-vip-pr42844572,['https://file4.batdongsan.com.vn/crop/232x186/2025/01/03/20250103163130-f301_wm.jpg'],Giá thỏa thuận,120 m²,,"Hoàn Kiếm, Hà Nội",,Đăng 6 ngày trước
42844489,"Cho thuê mặt bằng kinh doanh phố Phùng Khoang, vị trí đẹp nhất tuyến phố, kinh doanh đồ uống",https://batdongsan.com.vn/cho-thue-sang-nhuong-cua-hang-ki-ot-duong-phung-khoang-phuong-trung-van/cho-mat-bang-kinh-doanh-pho-vi-tri-dep-nhat-tuyen-pho-kinh-doanh-do-uong-pr42844489,['https://file4.batdongsan.com.vn/crop/232x186/2025/04/28/20250428085324-f2a3_wm.jpg'],25 triệu/tháng,40 m²,,"Nam Từ Liêm, Hà Nội",,Đăng 6 ngày trước
42844485,Cho thuê MBKD mặt phố Lý Thường Kiệt nhận diện đỉnh 10m diện tích 200m2 x 8 tầng 0913 319 ***,https://batdongsan.com.vn/cho-thue-sang-nhuong-cua-hang-ki-ot-pho-ly-thuong-kiet-phuong-pham-dinh-ho/cho-mbkd-mat-nhan-dien-10m-dien-tich-200m2-x-8-tang-pr42844485,['https://file4.batdongsan.com.vn/crop/232x186/2025/04/28/20250428085256-7ede_wm.jpg'],400 triệu/tháng,200 m²,,"Hai Bà Trưng, Hà Nội",,Đăng 6 ngày trước
42842062,"Cho thuê cửa hàng 85m2 tại Việt Hưng, Đức Giang, Long Biên, 12 triệu VND",https://batdongsan.com.vn/cho-thue-sang-nhuong-cua-hang-ki-ot-phuong-duc-giang-2-prj-khu-do-thi-viet-hung/cho-85m2-tai-long-bien-12-trieu-vnd-pr42842062,['https://file4.batdongsan.com.vn/crop/232x186/2017/07/26/0I4XNtd4/20170726084456-722e.jpg'],12 triệu/tháng,85 m²,,"Long Biên, Hà Nội",,Đăng 6 ngày trước
42755409,"Cực phẩm! Cho thuê mặt bằng kinh doanh phố Nguyễn Thị Định, lô góc vị trí làm nhà hàng siêu đẹp",https://batdongsan.com.vn/cho-thue-sang-nhuong-cua-hang-ki-ot-duong-nguyen-thi-dinh-phuong-trung-hoa-4/cuc-pham-cho-mat-bang-kinh-doanh-pho-lo-goc-vi-tri-lam-nha-sieu-dep-pr42755409,['https://file4.batdongsan.com.vn/crop/232x186/2025/04/17/20250417160741-89a8_wm.jpg'],100 triệu/tháng,150 m²,,"Cầu Giấy, Hà Nội",,Đăng 6 ngày trước
42585719,"Chính chủ cho thuê cửa hàng mặt đường Trần Thái Tông, S=80m2 giá 22tr phù hợp với mọi loại hình KD",https://batdongsan.com.vn/cho-thue-sang-nhuong-cua-hang-ki-ot-duong-tran-thai-tong-phuong-dich-vong/chinh-chu-cho-mat-s-80m2-gia-22tr-phu-hop-voi-moi-loai-hinh-kd-pr42585719,['https://file4.batdongsan.com.vn/crop/232x186/2025/03/31/20250331092259-9497_wm.jpg'],22 triệu/tháng,80 m²,,"Cầu Giấy, Hà Nội",,Đăng 6 ngày trước
42844131,"Cho thuê MBKD đẹp nhất lô góc mặt phố Trần Thái Tông, 300m2 x 10 tầng MT 40m 0913 319 ***",https://batdongsan.com.vn/cho-thue-sang-nhuong-cua-hang-ki-ot-duong-tran-thai-tong-phuong-dich-vong-hau/cho-mbkd-dep-nhat-lo-goc-mat-pho-300m2-x-10-tang-mt-40m-pr42844131,['https://file4.batdongsan.com.vn/crop/232x186/2025/04/28/20250428082203-841c_wm.jpg'],700 triệu/tháng,300 m²,,"Cầu Giấy, Hà Nội",,Đăng 6 ngày trước
42739004,"Siêu hot cho thuê nhà Xuân Thủy, Cầu Giấy 120m2 vào được luôn, 18tr có thương lượng 0976 215 ***",https://batdongsan.com.vn/cho-thue-sang-nhuong-cua-hang-ki-ot-duong-xuan-thuy-phuong-dich-vong-hau/sieu-hot-cho-nha-cau-giay-120m2-vao-duoc-luon-18tr-co-thuong-luong-pr42739004,['https://file4.batdongsan.com.vn/crop/232x186/2025/04/16/20250416091829-28f0_wm.jpg'],18 triệu/tháng,120 m²,2,"Cầu Giấy, Hà Nội",,Đăng 1 tuần trước
42441257,Chính chủ cho thuê mặt bằng kinh doanh showroom xe hơi,https://batdongsan.com.vn/cho-thue-sang-nhuong-cua-hang-ki-ot-duong-tran-huu-duc-phuong-my-dinh-2/chinh-chu-cho-mat-bang-kinh-doanh-xe-hoi-pr42441257,['https://file4.batdongsan.com.vn/crop/232x186/2025/03/15/20250315102556-2b16_wm.jpg'],190 nghìn/m²,300 m²,1,"Nam Từ Liêm, Hà Nội",,Đăng 1 tuần trước
42842188,"Cho thuê tầng 1- mặt phố kinh doanh Hàm Tử Quan, Hoàn Kiếm, Hà Nội.Cách hồ Hoàn Kiếm 240m.",https://batdongsan.com.vn/cho-thue-sang-nhuong-cua-hang-ki-ot-duong-ham-tu-quan-phuong-phuc-tan/cho-tang-1-mat-pho-kinh-doanh-hoan-kiem-ha-noi-cach-ho-hoan-kiem-240m-pr42842188,['https://file4.batdongsan.com.vn/crop/232x186/2025/04/27/20250427164314-b6f6_wm.jpg'],5 triệu/tháng,26 m²,1,"Hoàn Kiếm, Hà Nội",,Đăng 1 tuần trước
42745946,"Cho thuê mặt bằng kinh doanh ô tô 100m - 200m2 Ngay Gần Sân Vận Động Quốc Gia, Mỹ Đình",https://batdongsan.com.vn/cho-thue-sang-nhuong-cua-hang-ki-ot-duong-tran-huu-duc-phuong-my-dinh-2/cho-mat-bang-kinh-doanh-o-to-100m-200m2-ngay-gan-san-van-dong-quoc-gia-dinh-pr42745946,['https://file4.batdongsan.com.vn/crop/232x186/2025/04/16/20250416173838-1033_wm.jpg'],200 nghìn/m²,200 m²,,"Nam Từ Liêm, Hà Nội",,Đăng 1 tuần trước
30096519,BQL Imperia Sky Garden tổng hợp các kiot vị trí đẹp mặt sảnh 40 - 60m2 giá thuê tốt nhất thị trường,https://batdongsan.com.vn/cho-thue-sang-nhuong-cua-hang-ki-ot-duong-minh-khai-phuong-vinh-tuy-prj-imperia-sky-garden/bql-tong-hop-cac-kiot-vi-tri-dep-mat-sanh-gia-tot-nhat-thi-truong-pr30096519,['https://file4.batdongsan.com.vn/crop/232x186/2021/06/01/20210601105800-8872_wm.jpg'],18 triệu/tháng,40 m²,,"Hai Bà Trưng, Hà Nội",,Đăng 1 tuần trước
42839370,"Cho thuê mặt bằng tầng 1 toà nhà duy tân - cầu giấy, mặt tiền 25m | 420m2 | 145tr",https://batdongsan.com.vn/cho-thue-sang-nhuong-cua-hang-ki-ot-duong-duy-tan-phuong-dich-vong-hau/cho-mat-bang-g-1-toa-nha-cau-giay-mat-tien-25m-l-420m-145tr-pr42839370,['https://file4.batdongsan.com.vn/crop/232x186/2025/04/27/20250427065406-ae78_wm.jpg'],145 triệu/tháng,420 m²,1,"Cầu Giấy, Hà Nội",,Đăng 1 tuần trước
42838129,Chính chủ cho thuê cửa hàng mặt phố Nguyễn Viết Xuân vỉa hè 5m đường 15m. LH 0931 706 ***,https://batdongsan.com.vn/cho-thue-sang-nhuong-cua-hang-ki-ot-duong-nguyen-viet-xuan-phuong-quang-trung-17/chinh-chu-cho-mat-pho-via-he-5m-15m-mat-tien-4m-lh-pr42838129,['https://file4.batdongsan.com.vn/crop/232x186/2025/04/26/20250426193125-4a11_wm.jpg'],12 triệu/tháng,28 m²,,"Hà Đông, Hà Nội",,Đăng 1 tuần trước
42837632,"Cần cho thuê gấp mặt phố Chùa Láng - Đống Đa, DT 300m2 mặt tiền 8m, thông sàn, mọi mô hình",https://batdongsan.com.vn/cho-thue-sang-nhuong-cua-hang-ki-ot-pho-chua-lang-phuong-lang-thuong/can-cho-gap-mat-boc-dong-da-dt-300m2-mat-tien-8m-thong-san-moi-mo-hinh-pr42837632,['https://file4.batdongsan.com.vn/crop/232x186/2025/04/26/20250426173930-7454_wm.jpg'],75 triệu/tháng,300 m²,,"Đống Đa, Hà Nội",,Đăng 1 tuần trước
42837590,"Cần cho thuê gấp mặt phố Phạm Văn Đồng, DT 350m2 mặt tiền 10m, vỉa hè rộng, mọi mô hình",https://batdongsan.com.vn/cho-thue-sang-nhuong-cua-hang-ki-ot-duong-pham-van-dong-phuong-dich-vong-hau/can-cho-gap-mat-pho-dt-350m2-mat-tien-10m-via-he-rong-moi-mo-hinh-pr42837590,['https://file4.batdongsan.com.vn/crop/232x186/2025/04/26/20250426173248-0e8f_wm.jpg'],65 triệu/tháng,350 m²,,"Cầu Giấy, Hà Nội",,Đăng 1 tuần trước
42614845,Cho Thuê MBKD - Gần Ngã Tư Trường Chinh,https://batdongsan.com.vn/cho-thue-sang-nhuong-cua-hang-ki-ot-duong-le-trong-tan-phuong-khuong-mai/cho-mbkd-gan-nga-tu-truong-chinh-pr42614845,['https://file4.batdongsan.com.vn/crop/232x186/2025/04/02/20250402173235-3f68_wm.jpg'],45 triệu/tháng,60 m²,,"Thanh Xuân, Hà Nội",,Đăng 1 tuần trước
42837287,"Cho thuê cửa hàng Hàng Cá - Hoàn Kiếm, DT 70m2x2 tầng, mặt tiền 4m, kinh doanh: coffe, cửa hàng,...",https://batdongsan.com.vn/cho-thue-sang-nhuong-cua-hang-ki-ot-pho-hang-ca-phuong-hang-dao/cho-hoan-kiem-dt-70m2x2-tang-mat-tien-4m-kinh-doanh-coffe-pr42837287,['https://file4.batdongsan.com.vn/crop/232x186/2025/04/26/20250426165234-5edb_wm.jpg'],40 triệu/tháng,70 m²,,"Hoàn Kiếm, Hà Nội",,Đăng 1 tuần trước
42837186,Cho thuê MBKD phố cổ mặt phố Hàng Bè 65m2 x 2 tầng mặt tiền 5m đẹp nhất phố 0913 319 ***,https://batdongsan.com.vn/cho-thue-sang-nhuong-cua-hang-ki-ot-pho-hang-be-phuong-tran-hung-dao/cho-mbkd-co-mat-65m2-x-2-tang-mat-tien-5m-dep-nhat-pr42837186,['https://file4.batdongsan.com.vn/crop/232x186/2025/04/26/20250426164205-92f0_wm.jpg'],70 triệu/tháng,65 m²,,"Hoàn Kiếm, Hà Nội",,Đăng 1 tuần trước
42837149,Cho thuê MBKD mặt phố Lý Thường Kiệt 200m2 x 8 tầng thông sàn đầy đủ PCCC 0913 319 ***,https://batdongsan.com.vn/cho-thue-sang-nhuong-cua-hang-ki-ot-pho-ly-thuong-kiet-phuong-phan-chu-trinh/cho-mbkd-mat-200m2-x-8-tang-thong-san-day-du-pccc-pr42837149,['https://file4.batdongsan.com.vn/crop/232x186/2025/04/26/20250426163708-84be_wm.jpg'],400 triệu/tháng,200 m²,,"Hoàn Kiếm, Hà Nội",,Đăng 1 tuần trước
42837074,Cho thuê MBKD mặt phố Huỳnh Thúc Kháng đoạn đường tập trung đống vp và các thương hiệu 0913 319 ***,https://batdongsan.com.vn/cho-thue-sang-nhuong-cua-hang-ki-ot-duong-huynh-thuc-khang-phuong-lang-ha/cho-mbkd-mat-pho-doan-tap-trung-dong-vp-va-cac-thuong-hieu-pr42837074,['https://file4.batdongsan.com.vn/crop/232x186/2025/04/26/20250426162857-032f_wm.jpg'],55 triệu/tháng,80 m²,,"Đống Đa, Hà Nội",,Đăng 1 tuần trước
42837036,Cho thuê MBKD mặt phố Láng Hạ trung tâm Đống Đa tập trung nhiều tòa nhà văn phòng 0913 319 ***,https://batdongsan.com.vn/cho-thue-sang-nhuong-cua-hang-ki-ot-pho-lang-ha-phuong-lang-ha/cho-mbkd-mat-trung-tam-dong-da-tap-trung-nhieu-toa-n-van-ng-pr42837036,['https://file4.batdongsan.com.vn/crop/232x186/2025/04/26/20250426162331-2b81_wm.jpg'],"206,48 triệu/tháng",200 m²,,"Đống Đa, Hà Nội",,Đăng 1 tuần trước
42836943,Cho thuê MBKD nhận diện đỉnh mặt tiền 12m phố Xuân Thủy trung tâm nhiều trường Đại Học 0913 319 ***,https://batdongsan.com.vn/cho-thue-sang-nhuong-cua-hang-ki-ot-duong-xuan-thuy-phuong-dich-vong-hau/cho-mbkd-nhan-dien-dinh-mat-tien-12m-pho-trung-tam-nhieu-truong-dai-hoc-pr42836943,['https://file4.batdongsan.com.vn/crop/232x186/2025/04/26/20250426161130-d19d_wm.jpg'],200 triệu/tháng,95 m²,,"Cầu Giấy, Hà Nội",,Đăng 1 tuần trước
42836447,Siêu phẩm cực hiếm tại Nguyễn Văn Lộc. Địa điểm vàng phù hợp kinh doanh nhà hàng cafe văn phòng,https://batdongsan.com.vn/cho-thue-sang-nhuong-cua-hang-ki-ot-duong-nguyen-van-loc-phuong-mo-lao/sieu-pham-cuc-hiem-tai-dia-diem-g-phu-hop-kinh-doanh-nha-cafe-phong-pr42836447,['https://file4.batdongsan.com.vn/crop/232x186/2025/04/26/20250426152541-898a_wm.jpg'],120 triệu/tháng,450 m²,,"Hà Đông, Hà Nội",,Đăng 1 tuần trước
42836286,Cho thuê cửa hàng hiếm có tại Hàm Nghi vị trí cực đắc địa phù hợp kinh doanh nhà hàng cafe showroom,https://batdongsan.com.vn/cho-thue-sang-nhuong-cua-hang-ki-ot-duong-ham-nghi-phuong-cau-dien/cho-hiem-co-tai-vi-tri-cuc-dac-dia-phu-hop-kinh-doanh-nha-cafe-showrom-pr42836286,['https://file4.batdongsan.com.vn/crop/232x186/2025/04/26/20250426151139-a7b1_wm.jpg'],100 triệu/tháng,500 m²,,"Nam Từ Liêm, Hà Nội",,Đăng 1 tuần trước
42836417,"Cho thuê cửa hàng 90m² mặt phố Vũ Tông Phan, Thanh Xuân - Giá 25 triệu/tháng, kinh doanh cực tốt",https://batdongsan.com.vn/cho-thue-sang-nhuong-cua-hang-ki-ot-pho-vu-tong-phan-phuong-khuong-trung/cho-90m-mat-thanh-xuan-gia-25-trieu-t-kinh-doanh-cuc-tot-pr42836417,['https://file4.batdongsan.com.vn/crop/232x186/2025/04/26/20250426152303-9320_wm.jpg'],25 triệu/tháng,90 m²,,"Thanh Xuân, Hà Nội",,Đăng 1 tuần trước
42836402,"CHO THUÊ NHÀ 80M² X 4 TẦNG PHỐ QUAN NHÂN, MT 5.5M, GIÁ 25TR/THÁNG, SẠCH ĐẸP - THANH XUÂN",https://batdongsan.com.vn/cho-thue-sang-nhuong-cua-hang-ki-ot-pho-quan-nhan-phuong-nhan-chinh/cho-nha-80m-x-4-tang-mt-5-5m-gia-25tr-thang-sach-dep-thanh-xuan-pr42836402,['https://file4.batdongsan.com.vn/crop/232x186/2025/04/26/20250426151955-1d4e_wm.jpg'],25 triệu/tháng,80 m²,,"Thanh Xuân, Hà Nội",,Đăng 1 tuần trước
42836281,"Cho thuê MBKD mặt phố Kim Ngưu, gần Times City, diện tích 50m², MT 4m, 4 tầng, cửa hàng riêng biệt",https://batdongsan.com.vn/cho-thue-sang-nhuong-cua-hang-ki-ot-duong-kim-nguu-phuong-minh-khai/cho-mbkd-mat-pho-gan-times-city-dien-tich-50m-mt-4m-4-tang-rieng-biet-pr42836281,['https://file4.batdongsan.com.vn/crop/232x186/2025/04/26/20250426151115-15a0_wm.jpg'],18 triệu/tháng,50 m²,,"Hai Bà Trưng, Hà Nội",,Đăng 1 tuần trước
42836023,"Cho thuê MBKD phố Nguyễn Hy Quang - Đống Đa. DT: T1 40m2, MT: 5.7m. Riêng biệt, thông sàn",https://batdongsan.com.vn/cho-thue-sang-nhuong-cua-hang-ki-ot-duong-nguyen-hy-quang-phuong-o-cho-dua/-mbkd-pho-dong-da-dt-t1-40m-mt-5-7m-rieng-biet-thong-san-pr42836023,['https://file4.batdongsan.com.vn/crop/232x186/2025/04/26/20250426145153-d5fc_wm.jpg'],20 triệu/tháng,40 m²,,"Đống Đa, Hà Nội",,Đăng 1 tuần trước
42836002,"Cho thuê MBKD phố Hàng Cháo, gần Văn Miếu Quốc Tử Giám, 240m², MT 23m, mọi mô hình kinh doanh",https://batdongsan.com.vn/cho-thue-sang-nhuong-cua-hang-ki-ot-pho-hang-chao-phuong-cat-linh/cho-mbkd-gan-van-mieu-quoc-tu-giam-240m-mt-23m-moi-mo-hinh-kinh-doanh-pr42836002,['https://file4.batdongsan.com.vn/crop/232x186/2025/04/26/20250426145013-5e5b_wm.jpg'],130 triệu/tháng,240 m²,,"Đống Đa, Hà Nội",,Đăng 1 tuần trước
42835929,"Cho thuê MBKD mặt phố Đường Láng, gần Ngã Tư Sở - Royal City, 200m² x 3 tầng, mặt tiền siêu rộng",https://batdongsan.com.vn/cho-thue-sang-nhuong-cua-hang-ki-ot-duong-lang-phuong-lang-thuong/cho-mbkd-mat-pho-gan-nga-tu-so-royal-city-200m-x-3-tang-mat-tien-sieu-rong-pr42835929,['https://file4.batdongsan.com.vn/crop/232x186/2025/04/28/20250428162819-2fe1_wm.jpg'],95 triệu/tháng,200 m²,,"Đống Đa, Hà Nội",,Đăng 1 tuần trước
42835212,Chính chủ cho thuê cửa hàng - ngõ mặt đường Cầu Giấy Hà Nội - giá chỉ 5 triệu/tháng,https://batdongsan.com.vn/cho-thue-sang-nhuong-cua-hang-ki-ot-duong-cau-giay-phuong-quan-hoa/chinh-chu-cho-ngo-mat-ha-noi-gia-chi-5-trieu-t-pr42835212,['https://file4.batdongsan.com.vn/crop/232x186/2025/04/26/20250426131826-3ee1_wm.jpg'],5 triệu/tháng,20 m²,1,"Cầu Giấy, Hà Nội",,Đăng 1 tuần trước
42833723,"Cho thuê hàng hiếm tại Trần Thái Tông, vị trí cực đắc địa phù hợp kinh doanh showroom, thời trang",https://batdongsan.com.vn/cho-thue-sang-nhuong-cua-hang-ki-ot-duong-tran-thai-tong-phuong-dich-vong/cho-hiem-tai-vi-tri-cuc-dac-dia-phu-hop-kinh-doanh-showrom-thoi-g-pr42833723,['https://file4.batdongsan.com.vn/crop/232x186/2025/04/26/20250426104052-501b_wm.jpg'],150 triệu/tháng,100 m²,,"Cầu Giấy, Hà Nội",,Đăng 1 tuần trước
42833829,"Siêu phẩm tại Hồ Tùng Mậu - Cầu Giấy. Phù hợp kinh doanh nhà hàng, cafe, showrom, thời trang",https://batdongsan.com.vn/cho-thue-sang-nhuong-cua-hang-ki-ot-duong-ho-tung-mau-phuong-mai-dich/sieu-pham-tai-cau-giay-phu-p-kinh-doanh-nha-cafe-swrom-ti-trang-pr42833829,['https://file4.batdongsan.com.vn/crop/232x186/2025/04/26/20250426104740-1352_wm.jpg'],70 triệu/tháng,250 m²,,"Cầu Giấy, Hà Nội",,Đăng 1 tuần trước
42834620,"Cho thuê mặt bằng kinh doanh Yết Kiêu, cạnh Nhà hát Lớn, 50m², MT 4m, phù hợp mọi mô hình",https://batdongsan.com.vn/cho-thue-sang-nhuong-cua-hang-ki-ot-duong-yet-kieu-phuong-cua-nam/cho-mat-bang-kinh-doanh-canh-nha-hat-lon-50m-mt-4m-phu-hop-moi-mo-hinh-pr42834620,['https://file4.batdongsan.com.vn/crop/232x186/2025/04/26/20250426114914-678e_wm.jpg'],20 triệu/tháng,50 m²,,"Hoàn Kiếm, Hà Nội",,Đăng 1 tuần trước
41345982,"Chính chủ cho thuê tầng 1 làm showroom, văn phòng, siêu thị, spa mặt sàn 80m2 tại Cự Khối Long Biên",https://batdongsan.com.vn/cho-thue-sang-nhuong-cua-hang-ki-ot-duong-hoa-dong-1-phuong-cu-khoi/chinh-chu-cho-mat-bang-tang-1-co-the-lam-showroom-mat-san-80m2-tai-long-bien-ha-noi-pr41345982,['https://file4.batdongsan.com.vn/crop/232x186/2025/04/16/20250416100302-901d_wm.jpg'],12 triệu/tháng,80 m²,,"Long Biên, Hà Nội",,Đăng 1 tuần trước
42797665,"Cho thuê cửa hàng 90m² Vũ Tông Phan, Thanh Xuân, giá 25 triệu  mặt bằng đẹp, vị trí cực kỳ sầm uất",https://batdongsan.com.vn/cho-thue-sang-nhuong-cua-hang-ki-ot-pho-vu-tong-phan-phuong-khuong-trung/cho-90m-thanh-xuan-gia-25-trieu-mat-bang-dep-vi-tri-cuc-ky-sam-uat-pr42797665,['https://file4.batdongsan.com.vn/crop/232x186/2025/04/22/20250422150301-5d11_wm.jpg'],25 triệu/tháng,90 m²,,"Thanh Xuân, Hà Nội",,Đăng 1 tuần trước
42833656,"Cho thuê cửa hàng 90 triệu, 120m2 tại Bà Triệu, Hai Bà Trưng, Hà Nội",https://batdongsan.com.vn/cho-thue-sang-nhuong-cua-hang-ki-ot-pho-ba-trieu-phuong-le-dai-hanh/cho-90-120m2-tai-hai-trung-ha-noi-pr42833656,['https://file4.batdongsan.com.vn/crop/232x186/2025/04/26/20250426103620-473c_wm.jpg'],90 triệu/tháng,120 m²,,"Hai Bà Trưng, Hà Nội",,Đăng 1 tuần trước
42833611,"Cho thuê MBKD mặt phố Nguyên Hồng, DT 45m2, T1, MT 3.6m, giá 19tr/tháng, riêng biệt, thông sàn",https://batdongsan.com.vn/cho-thue-sang-nhuong-cua-hang-ki-ot-duong-nguyen-hong-phuong-lang-ha/cho-mbkd-mat-pho-dt-45m2-t1-mt-3-6m-gia-19tr-thang-rieng-biet-t-san-pr42833611,['https://file4.batdongsan.com.vn/crop/232x186/2025/04/26/20250426103346-8994_wm.jpg'],19 triệu/tháng,45 m²,,"Đống Đa, Hà Nội",,Đăng 1 tuần trước
42833568,"Cho thuê mặt bằng mặt phố Lạc Long Quân, gần Hồ Tây 280m², MT 8m, riêng biệt, thông sàn",https://batdongsan.com.vn/cho-thue-sang-nhuong-cua-hang-ki-ot-duong-lac-long-quan-phuong-phu-thuong-1/cho-mat-bang-mat-pho-gan-ho-tay-280m-mt-8m-rieng-biet-thong-san-pr42833568,['https://file4.batdongsan.com.vn/crop/232x186/2025/04/26/20250426103035-1cd1_wm.jpg'],55 triệu/tháng,280 m²,,"Tây Hồ, Hà Nội",,Đăng 1 tuần trước
37547707,"Cho thuê tầng 01 liền kề Mon City Mỹ Đình làm kinh doanh, văn phòng, cửa hàng, 17 - 20 triệu/tháng",https://batdongsan.com.vn/cho-thue-sang-nhuong-cua-hang-ki-ot-duong-ham-nghi-phuong-my-dinh-2-prj-mon-city/cho-tang-01-lien-ke-lam-kinh-doanh-van-phong-18-20-trieu-t-pr37547707,['https://file4.batdongsan.com.vn/crop/232x186/2024/01/19/20240119125045-89ce_wm.jpg'],17 triệu/tháng,100 m²,,"Nam Từ Liêm, Hà Nội",,Đăng 1 tuần trước
42832570,Cho thuê cửa hàng mặt phố Đào Duy Từ - DT 45m2 - MT 4m - Giá 35tr. Phù hợp kinh doanh mọi loại hình,https://batdongsan.com.vn/cho-thue-sang-nhuong-cua-hang-ki-ot-duong-dao-duy-tu-phuong-hang-buom/cho-mat-pho-dt-45m2-mt-4m-gia-35tr-phu-hop-kinh-doanh-moi-loai-hinh-pr42832570,['https://file4.batdongsan.com.vn/crop/232x186/2025/04/26/20250426092523-677b_wm.jpg'],35 triệu/tháng,45 m²,1,"Hoàn Kiếm, Hà Nội",,Đăng 1 tuần trước
42832277,"Cho thuê mặt bằng KD, cửa hàng 500m2, 540m2, 235m2, 310m2 mặt đường Ngọc Hồi, ngay ga Văn Điển",https://batdongsan.com.vn/cho-thue-sang-nhuong-cua-hang-ki-ot-duong-quoc-lo-1a-xa-ngoc-hoi-1-prj-kho-cong-nghiep-minh-viet-ngoc-hoi/cho-mat-bang-kd-500m2-540m2-235m2-310m2-mat-ngay-ga-van-dien-pr42832277,['https://file4.batdongsan.com.vn/crop/232x186/2025/04/26/20250426090256-41f9_wm.jpg'],Giá thỏa thuận,540 m²,,"Thanh Trì, Hà Nội",,Đăng 1 tuần trước
42732964,"Cho thuê mặt bằng kinh doanh mặt phố Dịch Vọng Hậu- Trần Thái Tông 350m2 (2 tầng), MT 7m, thông sàn",https://batdongsan.com.vn/cho-thue-sang-nhuong-cua-hang-ki-ot-duong-tran-thai-tong-phuong-dich-vong-hau/cho-mat-bang-kinh-doanh-mat-pho-350m2-2-tang-mt-7m-thong-san-pr42732964,['https://file4.batdongsan.com.vn/crop/232x186/2025/04/15/20250415145422-a245_wm.jpg'],100 triệu/tháng,175 m²,,"Cầu Giấy, Hà Nội",,Đăng 1 tuần trước
42491308,Cho thuê sàn thương mại - lô góc - Nguyễn Văn Cừ - 18 triệu/tháng,https://batdongsan.com.vn/cho-thue-sang-nhuong-cua-hang-ki-ot-duong-nguyen-van-cu-1-phuong-bo-de/cho-san-thuong-mai-lo-goc-20-trieu-thang-pr42491308,['https://file4.batdongsan.com.vn/crop/232x186/2025/03/20/20250320152046-e5e1_wm.jpg'],18 triệu/tháng,95 m²,,"Long Biên, Hà Nội",,Đăng 1 tuần trước
42379651,"Cho thuê mặt bằng kinh doanh Thành Phố Giao Lưu, lô góc, ven hồ, 370m2, 140 triệu/tháng",https://batdongsan.com.vn/cho-thue-sang-nhuong-cua-hang-ki-ot-duong-pham-van-dong-phuong-co-nhue-1-prj-thanh-pho-giao-luu/cho-mat-bang-kinh-doanh-lo-goc-ven-ho-370m2-140-trieu-thang-pr42379651,['https://file4.batdongsan.com.vn/crop/232x186/2025/03/10/20250310100007-01f8_wm.jpg'],140 triệu/tháng,370 m²,,"Bắc Từ Liêm, Hà Nội",,Đăng 1 tuần trước
41072974,"Mặt bằng/văn phòng cho thuê, đường Phạm Văn Đồng, DT 145m2 MT 10m 25tr/tháng",https://batdongsan.com.vn/cho-thue-sang-nhuong-cua-hang-ki-ot-duong-pham-van-dong-phuong-xuan-dinh/mat-bang-phong-cho-dt-145m2-mt-10m-25tr-thang-pr41072974,['https://file4.batdongsan.com.vn/crop/232x186/2024/10/01/20241001145727-06ef_wm.jpg'],25 triệu/tháng,145 m²,1,"Bắc Từ Liêm, Hà Nội",,Đăng 1 tuần trước
42125662,Cho thuê mặt bằng kinh doanh phố Tô Hiệu lớn - dãy nhà hàng cao cấp: DT 300m2 mặt tiền 7m thông sàn,https://batdongsan.com.vn/cho-thue-sang-nhuong-cua-hang-ki-ot-duong-to-hieu-phuong-nghia-tan-3/cho-mat-bang-kinh-doanh-pho-lon-day-nha-cao-cap-dt-300m2-mat-tien-7m-thong-san-pr42125662,['https://file4.batdongsan.com.vn/crop/232x186/2024/12/11/20241211085602-bb03_wm.jpg'],80 triệu/tháng,300 m²,,"Cầu Giấy, Hà Nội",,Đăng 1 tuần trước
42832067,"Nhận ngay mặt bằng kinh doanh phố Giảng Võ, mặt tiền 6,2m diện tích: 120m2, mọi mô hình hàng ăn",https://batdongsan.com.vn/cho-thue-sang-nhuong-cua-hang-ki-ot-pho-giang-vo-phuong-giang-vo/nhan-ngay-mat-bang-kinh-doanh-mat-tien-6-2m-dien-tich-120m2-moi-mo-hinh-an-pr42832067,['https://file4.batdongsan.com.vn/crop/232x186/2025/04/16/20250416084343-d81d_wm.jpg'],40 triệu/tháng,120 m²,,"Ba Đình, Hà Nội",,Đăng 1 tuần trước
42832059,"Cho thuê mặt bằng kinh doanh Linh Lang - Ba Đình: DT 200m2 x 3 tầng, MT 8m, gần Đại Sứ Quán Nhật",https://batdongsan.com.vn/cho-thue-sang-nhuong-cua-hang-ki-ot-pho-linh-lang-phuong-cong-vi/cho-mat-bang-kinh-doanh-ba-dinh-dt-200m-x-3-tang-mt-8m-gan-dai-su-quan-nhat-pr42832059,['https://file4.batdongsan.com.vn/crop/232x186/2025/04/26/20250426084534-712d_wm.jpg'],120 triệu/tháng,200 m²,,"Ba Đình, Hà Nội",,Đăng 1 tuần trước
42832015,"Cho thuê mặt bằng kinh doanh phố Đào Tấn - Ba Đình: DT 90m2 x 5 tầng thông sàn, MT 5m, vỉa hè rộng",https://batdongsan.com.vn/cho-thue-sang-nhuong-cua-hang-ki-ot-duong-dao-tan-phuong-cong-vi/cho-mat-bang-kinh-doanh-pho-ba-dinh-dt-90m2-x-5-g-thong-san-mt-5m-via-he-rong-pr42832015,['https://file4.batdongsan.com.vn/crop/232x186/2025/04/26/20250426084135-a488_wm.jpg'],80 triệu/tháng,90 m²,,"Ba Đình, Hà Nội",,Đăng 1 tuần trước
42681499,"Nhận ngay mặt bằng phố Bùi Thị Xuân, KD mọi mô hình - diện tích 88m2 x 2 tầng, mặt tiền 8m",https://batdongsan.com.vn/cho-thue-sang-nhuong-cua-hang-ki-ot-duong-bui-thi-xuan-phuong-nguyen-du/nhan-ngay-mat-bang-pho-kd-moi-mo-hinh-dien-tich-88m2-x-2-tang-mat-tien-8m-pr42681499,['https://file4.batdongsan.com.vn/crop/232x186/2025/04/10/20250410084037-2292_wm.jpg'],55 triệu/tháng,88 m²,,"Hai Bà Trưng, Hà Nội",,Đăng 1 tuần trước
42116570,"Cho thuê dãy liền kề Pandora Triều Khúc: Diện tích 140m x 5 tầng mặt tiền 7m, thông sàn",https://batdongsan.com.vn/cho-thue-sang-nhuong-cua-hang-ki-ot-duong-trieu-khuc-phuong-thanh-xuan-bac-prj-pandora-53-trieu-khuc/cho-day-lien-ke-dien-tich-140m-x-5-tang-mat-tien-7m-thong-san-pr42116570,['https://file4.batdongsan.com.vn/crop/232x186/2025/02/08/20250208095441-1545_wm.jpg'],60 triệu/tháng,140 m²,,"Thanh Xuân, Hà Nội",,Đăng 1 tuần trước
42738098,"Cho thuê cửa hàng phố Thái Thịnh, DT: 100m2 1 tầng MT 6m, mọi mô hình hàng ăn, thông sàn, cửa kính",https://batdongsan.com.vn/cho-thue-sang-nhuong-cua-hang-ki-ot-pho-thai-thinh-phuong-trung-liet/cho-dt-100m2-1-tang-mt-6m-moi-mo-hinh-an-thong-san-kinh-pr42738098,['https://file4.batdongsan.com.vn/crop/232x186/2025/04/16/20250416083213-62ca_wm.jpg'],40 triệu/tháng,110 m²,,"Đống Đa, Hà Nội",,Đăng 1 tuần trước
42460904,"Chính chủ cho thuê mặt bằng tầng 1 tại tòa nhà The Five Residences, 345 Đội Cấn, Ba Đình, 120m2",https://batdongsan.com.vn/cho-thue-sang-nhuong-cua-hang-ki-ot-duong-doi-can-phuong-doi-can-prj-chung-cu-345-doi-can/chinh-chu-cho-mat-bang-tang-1-tai-toa-nha-the-five-residences-345-ba-dinh-120m2-pr42460904,['https://file4.batdongsan.com.vn/crop/232x186/2025/03/17/20250317174703-1394_wm.jpg'],Giá thỏa thuận,120 m²,,"Ba Đình, Hà Nội",,Đăng 1 tuần trước
42611833,Chính chủ cho thuê mặt bằng cửa hàng showroom mặt đường Ngọc Hồi DT: 200 - 300 - 400m2,https://batdongsan.com.vn/cho-thue-sang-nhuong-cua-hang-ki-ot-duong-ngoc-hoi-xa-ngoc-hoi-1/chinh-chu-cho-mat-bang-showroom-mat-dt-200-300-400m2-pr42611833,['https://file4.batdongsan.com.vn/crop/232x186/2025/04/02/20250402141414-8434_wm.jpg'],300 nghìn/m²,300 m²,,"Thanh Trì, Hà Nội",,Đăng 1 tuần trước
42393926,Cho thuê ki ốt trung tâm thương mại HH Linh Đàm 53m2 tầng 1 - giá 30tr /tháng,https://batdongsan.com.vn/cho-thue-sang-nhuong-cua-hang-ki-ot-duong-linh-duong-phuong-hoang-liet-prj-hh3-linh-dam/cho-trung-tam-thuong-mai-hh-60m-tang-1-40m-tang-hai-tong-100m2-gia-40tr-th-pr42393926,['https://file4.batdongsan.com.vn/crop/232x186/2025/03/11/20250311110210-8c6a_wm.jpg'],30 triệu/tháng,53 m²,1,"Hoàng Mai, Hà Nội",,Đăng 1 tuần trước
42623681,"Cho thuê cửa hàng vị trí cực đẹp mặt phố Triệu Việt Vương 40m2, MT 4m, riêng biệt",https://batdongsan.com.vn/cho-thue-sang-nhuong-cua-hang-ki-ot-duong-trieu-viet-vuong-phuong-nguyen-du/cho-mat-pho-40m2-mt4m-rieng-biet-pr42623681,['https://file4.batdongsan.com.vn/crop/232x186/2025/04/03/20250403145258-b608_wm.jpg'],20 triệu/tháng,40 m²,,"Hai Bà Trưng, Hà Nội",,Đăng 1 tuần trước
42828641,"Cho thuê MBKD mặt phố Hàm Nghi diện tích 100m2x5 tầng, mặt tiền 6m2 mọi MH giá chỉ 100tr",https://batdongsan.com.vn/cho-thue-sang-nhuong-cua-hang-ki-ot-pho-giang-vo-phuong-giang-vo/cho-mbkd-mat-ham-nghi-dien-tich-100m2x5-tang-mat-tien-6m2-moi-mh-gia-chi-100tr-pr42828641,['https://file4.batdongsan.com.vn/crop/232x186/2025/04/25/20250425162848-55b3_wm.jpg'],Giá thỏa thuận,100 m²,,"Ba Đình, Hà Nội",,Đăng 1 tuần trước
42829404,CHO THUÊ NHÀ MẶT PHỐ TÔ HIỆU -NHÀ 150M2 X 2.5 TẦNG  -ĐẤT 260M2 -MT 10M NHẬN DIỆN THƯƠNG HIỆU TỐT,https://batdongsan.com.vn/cho-thue-sang-nhuong-cua-hang-ki-ot-duong-to-hieu-phuong-nghia-do-1/cho-nha-mat-pho-nha-150m2-x-2-5-tang-dat-260m2-mt-10m-nhan-dien-thuong-t-pr42829404,['https://file4.batdongsan.com.vn/crop/232x186/2025/04/25/20250425104443-8e29_wm.jpg'],250 triệu/tháng,260 m²,,"Cầu Giấy, Hà Nội",,Đăng 1 tuần trước
42829171,Mặt bằng số 80 Khương Trung vỉa hè ô tô tránh DT 20m2 vệ sinh khép kín KD sầm uất ngày đêm,https://batdongsan.com.vn/cho-thue-sang-nhuong-cua-hang-ki-ot-duong-khuong-trung-phuong-khuong-mai/mat-bang-so-80-via-he-oto-tranh-dt-20m-ve-sinh-khep-kin-kd-sam-uat-ngay-dem-pr42829171,['https://file4.batdongsan.com.vn/crop/232x186/2025/04/25/20250425171901-2434_wm.jpg'],5 triệu/tháng,20 m²,1,"Thanh Xuân, Hà Nội",,Đăng 1 tuần trước
42828857,"CHO THUÊ NHÀ MẶT PHỐ A10 NGUYỄN CHÁNH 99M²x4T+TUM, THANG MÁY, MẶT TIỀN 6.5M, GIÁ 80TR/THÁNG",https://batdongsan.com.vn/cho-thue-sang-nhuong-cua-hang-ki-ot-duong-nguyen-chanh-phuong-trung-hoa-4/cho-nha-mat-pho-a10-99mx4t-tum-thang-may-mat-tien-6-5m-gia-80tr-thang-pr42828857,['https://file4.batdongsan.com.vn/crop/232x186/2025/04/25/20250425104330-c698_wm.jpg'],80 triệu/tháng,99 m²,,"Cầu Giấy, Hà Nội",,Đăng 1 tuần trước
42719334,"Cho thuê cửa hàng 60m2 giá siêu hời 15 triệu/th tại Nguyễn Xiển, Hạ Đình, Thanh Xuân, HN",https://batdongsan.com.vn/cho-thue-sang-nhuong-cua-hang-ki-ot-duong-nguyen-xien-phuong-ha-dinh/cho-60m2-gia-sieu-hoi-15-trieu-tai-tnh-xuan-hn-pr42719334,['https://file4.batdongsan.com.vn/crop/232x186/2025/03/18/20250318104920-0ca8_wm.jpg'],15 triệu/tháng,60 m²,,"Thanh Xuân, Hà Nội",,Đăng 1 tuần trước
42805179,"Cho thuê cửa hàng 45m² Mễ Trì Hạ, Nam Từ Liêm, chỉ 13 triệu/tháng, làm VP hay KD đều thoải mái",https://batdongsan.com.vn/cho-thue-sang-nhuong-cua-hang-ki-ot-duong-me-tri-ha-phuong-me-tri/cho-45m-nam-tu-liem-chi-13-eu-t-lam-vp-y-kd-deu-thoai-mai-pr42805179,['https://file4.batdongsan.com.vn/crop/232x186/2025/04/23/20250423111228-160d_wm.jpg'],13 triệu/tháng,45 m²,,"Nam Từ Liêm, Hà Nội",,Đăng 1 tuần trước
42541369,"Cho thuê cửa hàng - vị trí đắc địa - 215 phố Hoa Lâm, Long Biên",https://batdongsan.com.vn/cho-thue-sang-nhuong-cua-hang-ki-ot-duong-hoa-lam-phuong-viet-hung-2/cho-vi-tri-dac-dia-215-pho-long-bien-pr42541369,['https://file4.batdongsan.com.vn/crop/232x186/2025/03/26/20250326074045-6dfa_wm.jpg'],"3,8 triệu/tháng",16 m²,1,"Long Biên, Hà Nội",,Đăng 1 tuần trước
42828139,"Cho thuê MBKD mặt phố Phó Đức Chính DT 1000m2 MT 30m siêu rộng, kinh doanh gì cũng hợp",https://batdongsan.com.vn/cho-thue-sang-nhuong-cua-hang-ki-ot-pho-pho-duc-chinh-phuong-truc-bach/cho-mbkd-mat-dt-1000m2-mt-30m-sieu-rong-kinh-doanh-gi-cung-hop-pr42828139,['https://file4.batdongsan.com.vn/crop/232x186/2025/04/25/20250425155137-26b8_wm.jpg'],Giá thỏa thuận,1.000 m²,,"Ba Đình, Hà Nội",,Đăng 1 tuần trước
42625160,"Cho thuê mặt bằng kinh doanh mặt phố 86 Lê Trọng Tấn vị trí đẹp, vỉa hè rộng",https://batdongsan.com.vn/cho-thue-sang-nhuong-cua-hang-ki-ot-duong-le-trong-tan-phuong-khuong-mai/cho-mat-bang-kinh-doanh-mat-pho-86-vi-tri-dep-via-he-rong-pr42625160,['https://file4.batdongsan.com.vn/crop/232x186/2025/04/03/20250403163446-5e7f_wm.jpg'],45 triệu/tháng,65 m²,,"Thanh Xuân, Hà Nội",,Đăng 1 tuần trước
42827138,"Bắc Linh Đàm - siêu phẩm mặt bằng kinh doanh phố lô góc KĐT Linh Đàm 80m2, thông sàn lô góc 15m",https://batdongsan.com.vn/cho-thue-sang-nhuong-cua-hang-ki-ot-duong-linh-dam-phuong-dai-kim-prj-khu-do-thi-moi-linh-dam/bac-sieu-pham-mat-bang-kinh-doanh-pho-lo-goc-kdt-80m2-thong-san-lo-goc-15m-pr42827138,['https://file4.batdongsan.com.vn/crop/232x186/2025/04/25/20250425144853-a113_wm.jpg'],55 triệu/tháng,80 m²,,"Hoàng Mai, Hà Nội",,Đăng 1 tuần trước
42676035,"Mặt bằng mở siêu thị mini siêu đẹp, vị trí trung tâm thôn đại tảo, góc 2 mặt thoáng, giá hơn 7tr",https://batdongsan.com.vn/cho-thue-sang-nhuong-cua-hang-ki-ot-xa-hung-dao_1/mat-bang-mo-sieu-thi-mini-sieu-dep-vi-tri-trung-tam-thon-dai-tao-goc-2-mat-thoang-gia-hon-7tr-pr42676035,['https://file4.batdongsan.com.vn/crop/232x186/2025/04/09/20250409145748-89db_wm.jpg'],40 nghìn/m²,180 m²,2,"Quốc Oai, Hà Nội",,Đăng 1 tuần trước
42824627,"Cho thuê cửa hàng tại Phố Thái Hà, Đống Đa, Hà Nội,35 triệu, 80 m2, cực kỳ phù hợp làm hàng ăn",https://batdongsan.com.vn/cho-thue-sang-nhuong-cua-hang-ki-ot-pho-thai-ha-phuong-lang-ha/cho-tai-dong-da-noi-35-trieu-80-m2-cuc-ky-phu-hop-lam-an-pr42824627,['https://file4.batdongsan.com.vn/crop/232x186/2025/04/25/20250425104330-c698_wm.jpg'],35 triệu/tháng,80 m²,,"Đống Đa, Hà Nội",,Đăng 1 tuần trước
42823399,"Cho thuê cửa hàng tại Ô Chợ Dừa, Đống Đa, Hà Nội",https://batdongsan.com.vn/cho-thue-sang-nhuong-cua-hang-ki-ot-duong-o-cho-dua-phuong-o-cho-dua/ch-tai-ch-dng-da-ha-ni-pr42823399,['https://file4.batdongsan.com.vn/crop/232x186/2025/04/25/20250425093702-18e9_wm.jpg'],7 triệu/tháng,10 m²,,"Đống Đa, Hà Nội",,Đăng 1 tuần trước
42726007,"CHO THUÊ MẶT BẰNG KINH DOANH VỊ TRÍ ĐẮC ĐỊA PHỐ HUỲNH THÚC KHÁNG, TRUNG TÂM SẦM UẤT, MẶT TIỀN 8M",https://batdongsan.com.vn/cho-thue-sang-nhuong-cua-hang-ki-ot-duong-huynh-thuc-khang-phuong-lang-ha/cho-mat-bang-kinh-doanh-mat-pho-dong-da-pr42726007,['https://file4.batdongsan.com.vn/crop/232x186/2025/04/14/20250414223550-80fc_wm.jpg'],55 triệu/tháng,80 m²,,"Đống Đa, Hà Nội",,Đăng 1 tuần trước
42823632,Cho thuê cửa hàng mặt phố Tạ Quang Bửu - Đoạn ăn uống - Ngay KTX - DT 100m2 - MT 5m - giá 70tr,https://batdongsan.com.vn/cho-thue-sang-nhuong-cua-hang-ki-ot-pho-ta-quang-buu-phuong-bach-khoa/cho-mat-doan-an-uong-ngay-ktx-dt-100m2-mt-5m-gia-70tr-pr42823632,['https://file4.batdongsan.com.vn/crop/232x186/2025/04/25/20250425095054-3929_wm.jpg'],70 triệu/tháng,100 m²,1,"Hai Bà Trưng, Hà Nội",,Đăng 1 tuần trước
42822685,"Cho thuê cửa hàng phố Nguyễn Chánh ,đường trục chính, diện tích 100m , 4 tầng kính doanh, văn phòng",https://batdongsan.com.vn/cho-thue-sang-nhuong-cua-hang-ki-ot-phuong-trung-hoa-4/cho-pho-nguyen-chanh-duong-truc-chinh-dien-tich-100m-4-tang-kinh-doanh-van-phong-pr42822685,['https://file4.batdongsan.com.vn/crop/232x186/2025/04/25/20250425085250-a7d2_wm.jpg'],80 triệu/tháng,100 m²,,"Cầu Giấy, Hà Nội",,Đăng 1 tuần trước
42823455,ĐỘC LẠ!!! CHO THUÊ MẶT BẰNG KINH DOANH MẶT PHỐ Xã Đàn - DT 180m2 - MT 9m - Đoạn cực đẹp,https://batdongsan.com.vn/cho-thue-sang-nhuong-cua-hang-ki-ot-pho-xa-dan-phuong-nam-dong/doc-la-cho-mat-bang-kinh-doanh-mat-dt-180m2-mt-9m-doan-cuc-dep-pr42823455,['https://file4.batdongsan.com.vn/crop/232x186/2025/04/25/20250425094024-3d8c_wm.jpg'],Giá thỏa thuận,180 m²,1,"Đống Đa, Hà Nội",,Đăng 1 tuần trước
42611634,"Cho thuê cửa hàng mặt tiền 11m, 200m2, 400m2, giá cực chất tại Tây Sơn, Đan Phượng, Hà Nội",https://batdongsan.com.vn/cho-thue-sang-nhuong-cua-hang-ki-ot-duong-tay-son-thi-tran-phung/cho-mat-tien-11m-200m2-400m2-gia-cuc-chat-tai-dan-phuong-ha-noi-pr42611634,['https://file4.batdongsan.com.vn/crop/232x186/2025/04/02/20250402140243-d79b_wm.jpg'],200 nghìn/m²,200 m²,,"Đan Phượng, Hà Nội",,Đăng 1 tuần trước
42046206,Cho thuê mặt bằng đẹp làm nhà hàng trên đường Xuân Diệu Tây Hồ Hà Nội,https://batdongsan.com.vn/cho-thue-sang-nhuong-cua-hang-ki-ot-duong-xuan-dieu-phuong-quang-an-2/cho-mat-bang-dep-lam-nha-tren-tay-ho-ha-noi-pr42046206,['https://file4.batdongsan.com.vn/crop/232x186/2025/01/15/20250115132423-4901_wm.jpg'],100 triệu/m²,141 m²,,"Tây Hồ, Hà Nội",,Đăng 1 tuần trước
42822851,Cho thuê rẻ 1.900m2 mặt đường Nguyễn Trãi sát Royal City làm mọi mô hình,https://batdongsan.com.vn/cho-thue-sang-nhuong-cua-hang-ki-ot-duong-nguyen-trai-phuong-ha-dinh/cho-re-1-900m2-mat-sat-royal-city-lam-moi-mo-hinh-pr42822851,['https://file4.batdongsan.com.vn/crop/232x186/2025/04/15/20250415100103-d4e8_wm.jpg'],300 nghìn/m²,1.900 m²,,"Thanh Xuân, Hà Nội",,Đăng 1 tuần trước
42822806,Cho thuê mặt bằng phố Phan Đình Phùng T1 phía ngoài 168m2 + phía trong: 32m2 0913 319 ***,https://batdongsan.com.vn/cho-thue-sang-nhuong-cua-hang-ki-ot-duong-phan-dinh-phung-phuong-phuc-xa/cho-mat-bang-pho-t1-phia-ngoai-168m2-phia-trong-32m2-pr42822806,['https://file4.batdongsan.com.vn/crop/232x186/2025/04/25/20250425090107-4f79_wm.jpg'],765 nghìn/m²,200 m²,,"Ba Đình, Hà Nội",,Đăng 1 tuần trước
40975180,"Mời thuê diện tích cao cấp 50 - 2.000m2 ở Hoàng Đạo Thúy làm nhà hàng, cafe, Pastfood",https://batdongsan.com.vn/cho-thue-sang-nhuong-cua-hang-ki-ot-pho-hoang-dao-thuy-phuong-trung-hoa-4-prj-khu-do-thi-trung-hoa-nhan-chinh/cho-ngay-mb-nha-cafe-rat-dep-o-chinh-pr40975180,['https://file4.batdongsan.com.vn/crop/232x186/2025/04/25/20250425090032-6a62_wm.jpg'],300 nghìn/m²,1.600 m²,,"Cầu Giấy, Hà Nội",,Đăng 1 tuần trước
41445297,Mời thuê ngay 1.200m2 tầng 1 mặt đường Tố Hữu chỉ từ 200.000đ/m2,https://batdongsan.com.vn/cho-thue-sang-nhuong-cua-hang-ki-ot-duong-to-huu-phuong-nhan-chinh/mat-bang-190-650-va-1-200m2-tang-1-o-cho-tu-200-000d-m2-thang-pr41445297,['https://file4.batdongsan.com.vn/crop/232x186/2025/01/13/20250113094518-f6be_wm.jpg'],200 nghìn/m²,1.200 m²,,"Thanh Xuân, Hà Nội",,Đăng 1 tuần trước
42822628,Cho thuê mặt bằng phố Xã Đàn lô góc 14m mặt tiền có hầm để xe 185m2 x 9 tầng 0913 319 ***,https://batdongsan.com.vn/cho-thue-sang-nhuong-cua-hang-ki-ot-pho-xa-dan-phuong-kham-thien/cho-mat-bang-lo-goc-14m-mat-tien-co-ham-de-xe-185m2-x-9-tang-pr42822628,['https://file4.batdongsan.com.vn/crop/232x186/2025/04/25/20250425085007-72c1_wm.jpg'],300 triệu/tháng,185 m²,,"Đống Đa, Hà Nội",,Đăng 1 tuần trước
42722978,MBKD tầng 1 ngõ 29 Hàng Khay thông 13 Bà Triệu vào bước ra Hồ Gươm KD sầm uất,https://batdongsan.com.vn/cho-thue-sang-nhuong-cua-hang-ki-ot-pho-hang-khay-phuong-trang-tien/mbkd-tang-1-ngo-29-thong-13-ba-trieu-vao-buoc-ra-ho-guom-kd-sam-uat-pr42722978,['https://file4.batdongsan.com.vn/crop/232x186/2025/04/14/20250414155328-aadf_wm.jpg'],8 triệu/tháng,70 m²,1,"Hoàn Kiếm, Hà Nội",,Đăng 1 tuần trước
38007779,"Cho thuê MBKD tầng 2 phố Bà Triệu, sát Hồ Gươm, DT 145m2, giá 40tr",https://batdongsan.com.vn/cho-thue-sang-nhuong-cua-hang-ki-ot-pho-ba-trieu-phuong-trang-tien/cho-mbkd-tang-2-sat-ho-guom-dt-145m2-gia-35tr-pr38007779,['https://file4.batdongsan.com.vn/crop/232x186/2023/08/29/20230829110249-31bc_wm.jpg'],40 triệu/tháng,145 m²,,"Hoàn Kiếm, Hà Nội",,Đăng 1 tuần trước
42522209,"Cho thuê mặt bằng tầng 2, Tuệ Tĩnh, 120m2, MT 5m, thông sàn, giá 28tr",https://batdongsan.com.vn/cho-thue-sang-nhuong-cua-hang-ki-ot-duong-tue-tinh-phuong-nguyen-du/cho-mat-bang-tang-2-120m2-mt-5m-thong-san-gia-28tr-pr42522209,['https://file4.batdongsan.com.vn/crop/232x186/2025/03/24/20250324102055-3e9c_wm.jpg'],28 triệu/tháng,120 m²,1,"Hai Bà Trưng, Hà Nội",,Đăng 1 tuần trước
41165721,"Chính chủ cho thuê cửa hàng mặt đường Trung Kính, S=100m2, MT=10m2 phù hợp với mọi loại hình KD",https://batdongsan.com.vn/cho-thue-sang-nhuong-cua-hang-ki-ot-pho-trung-kinh-phuong-yen-hoa-2/chinh-chu-cho-mat-duong-s-170m2-mt-10m2-phu-hop-voi-moi-loai-hinh-kd-pr41165721,['https://file4.batdongsan.com.vn/crop/232x186/2025/04/04/20250404142026-7f43_wm.jpg'],70 triệu/tháng,100 m²,,"Cầu Giấy, Hà Nội",,Đăng 1 tuần trước
42719960,"Cho thuê nhà phố Yên Thế, Ba Đình DT 423m2 tầng 1 giá thuê 85tr tháng, cho thuê lâu dài",https://batdongsan.com.vn/cho-thue-sang-nhuong-cua-hang-ki-ot-duong-yen-the-phuong-dien-bien/cho-nha-pho-ba-dinh-dt-423m2-tang-1-gia-85tr-thang-cho-lau-dai-pr42719960,['https://file4.batdongsan.com.vn/crop/232x186/2025/04/14/20250414113452-b902_wm.jpg'],85 triệu/tháng,423 m²,,"Ba Đình, Hà Nội",,Đăng 1 tuần trước
42819110,Cho thuê mặt bằng kinh doanh từ 40 - 42m2 - 500m2 tòa Hateco Apollo Xuân Phuơng,https://batdongsan.com.vn/cho-thue-sang-nhuong-cua-hang-ki-ot-duong-70-2-phuong-phuong-canh-prj-hateco-apollo/cho-mat-bang-kinh-doanh-tu-40-500m2-toa-apolo-xuan-phuong-pr42819110,['https://file4.batdongsan.com.vn/crop/232x186/2025/04/24/20250424163314-388d_wm.jpg'],"8,3 triệu/tháng",42 m²,,"Nam Từ Liêm, Hà Nội",,Đăng 1 tuần trước
42813486,"Cho thuê cửa hàng, siêu thị mini,văn phòng, phòng khám, spa....",https://batdongsan.com.vn/cho-thue-sang-nhuong-cua-hang-ki-ot-pho-tran-dien-phuong-dinh-cong/cho-sieu-thi-mini-van-phong-phong-kham-spa-pr42813486,['https://file4.batdongsan.com.vn/crop/232x186/2025/04/24/20250424093249-4195_wm.jpg'],"19,5 triệu/tháng",80 m²,,"Hoàng Mai, Hà Nội",,Đăng 1 tuần trước
42813196,"Chính chủ cho thuê Mặt Bằng Kinh Doanh,Văn Phòng tại 122 Hoàng Ngân, Cầu Giấy",https://batdongsan.com.vn/cho-thue-sang-nhuong-cua-hang-ki-ot-duong-hoang-ngan-phuong-trung-hoa-4/chinh-chu-cho-mat-bang-kinh-doanh-van-phong-tai-122-cau-giay-pr42813196,['https://file4.batdongsan.com.vn/crop/232x186/2025/04/24/20250424091613-fd64_wm.jpg'],Giá thỏa thuận,135 m²,,"Cầu Giấy, Hà Nội",,Đăng 1 tuần trước
42811265,"Sang nhượng cửa hàng Spa mặt hồ Đầm sòi, phố Định Công, Hoàng Mai full đồ, vỉa hè tiền rộng",https://batdongsan.com.vn/cho-thue-sang-nhuong-cua-hang-ki-ot-pho-tran-dien-phuong-dinh-cong/-spa-mat-ho-dam-soi-hoang-mai-full-do-via-he-tien-rong-pr42811265,['https://file4.batdongsan.com.vn/crop/232x186/2025/04/23/20250423223236-0b7b_wm.jpg'],19 triệu/tháng,85 m²,,"Hoàng Mai, Hà Nội",,Đăng 1 tuần trước
42708235,Cho thuê cửa hàng tại phố Hàng Than,https://batdongsan.com.vn/cho-thue-sang-nhuong-cua-hang-ki-ot-duong-hang-than_1-phuong-nguyen-trung-truc/cho-tai-pho-than-pr42708235,['https://file4.batdongsan.com.vn/crop/232x186/2025/04/12/20250412152541-145e_wm.jpg'],35 triệu/tháng,70 m²,,"Ba Đình, Hà Nội",,Đăng 1 tuần trước
41717043,Cho thuê shophouse ki ốt-2 tầng chợ đầu mối kho vận lớn nhất HN 50m2 vừa ở vừa KD giá thuê 4tr/th,https://batdongsan.com.vn/cho-thue-sang-nhuong-cua-hang-ki-ot-duong-quoc-lo-21b-xa-bich-hoa-prj-cho-dau-moi-nam-ha-noi/-tai-80-nghin-48m2-gia-tot-uy-tin-pr41717043,['https://file4.batdongsan.com.vn/crop/232x186/2024/12/04/20241204152934-ecca_wm.jpg'],4 triệu/tháng,48 m²,1,"Thanh Oai, Hà Nội",,Đăng 1 tuần trước
42778898,Cho thuê mặt bằng tầng 7 làm quán - spa - thẩm mỹ,https://batdongsan.com.vn/cho-thue-sang-nhuong-cua-hang-ki-ot-pho-chua-lang-phuong-lang-thuong/cho-mat-bang-tang-7-lam-quan-spa-tham-my-pr42778898,['https://file4.batdongsan.com.vn/crop/232x186/2025/04/20/20250420151232-b236_wm.jpg'],9 triệu/tháng,50 m²,1,"Đống Đa, Hà Nội",,Đăng 1 tuần trước
42798712,"Sang nhượng cửa hàng thời trang - phố Hàng Gà, Hoàn Kiếm",https://batdongsan.com.vn/cho-thue-sang-nhuong-cua-hang-ki-ot-pho-hang-ga-phuong-hang-bo/-thoi-trang-hoan-kiem-pr42798712,['https://file4.batdongsan.com.vn/crop/232x186/2025/04/22/20250422161709-ba70_wm.jpg'],250 triệu/tháng,190 m²,,"Hoàn Kiếm, Hà Nội",,Đăng 1 tuần trước
42796740,Chính chủ cho thuê cửa hàng mặt phố 163 Chùa Láng đắc địa đông sinh viên kinh doanh cực tốt,https://batdongsan.com.vn/cho-thue-sang-nhuong-cua-hang-ki-ot-pho-chua-lang-phuong-lang-thuong/chinh-chu-cho-mat-163-dac-dia-dong-sinh-vien-kinh-doanh-cuc-tot-pr42796740,['https://file4.batdongsan.com.vn/crop/232x186/2025/04/22/20250422141210-a19c_wm.jpg'],30 triệu/tháng,45 m²,1,"Đống Đa, Hà Nội",,Đăng 1 tuần trước
42383120,"BQL tòa nhà BRG Diamond Residence, 25 Lê Văn Lương cho thuê mặt bằng kinh doanh, thương mại DV",https://batdongsan.com.vn/cho-thue-sang-nhuong-cua-hang-ki-ot-duong-le-van-luong-phuong-nhan-chinh-prj-the-diamond-residence/cho-mat-bang-tttm-cao-cap-tai-brg-25-gia-tu-22-m2-pr42383120,['https://file4.batdongsan.com.vn/crop/232x186/2025/03/10/20250310142008-2ab3_wm.jpg'],Giá thỏa thuận,300 m²,,"Thanh Xuân, Hà Nội",,Đăng 1 tuần trước
41610728,"Cho thuê mặt bằng tại đường ven Hồ Ba Mẫu, Đống Đa, 50m2, giá ưu đãi 18 triệu vnd",https://batdongsan.com.vn/cho-thue-sang-nhuong-cua-hang-ki-ot-duong-o-dong-lam-phuong-phuong-lien/cho-mat-bang-tai-ven-ho-ba-mau-da-50m2-gia-uu-dai-18-trieu-vnd-pr41610728,['https://file4.batdongsan.com.vn/crop/232x186/2024/11/22/20241122223019-b8fb_wm.jpg'],18 triệu/tháng,50 m²,1,"Đống Đa, Hà Nội",,Đăng 1 tuần trước
42789340,Cho thuê GẤP mặt bằng kinh doanh 110m2 Thái Hà - Tầng 2 toà Cafe Thái Yên,https://batdongsan.com.vn/cho-thue-sang-nhuong-cua-hang-ki-ot-pho-thai-ha-phuong-trung-liet/cho-gap-mat-bang-kinh-doanh-110m2-tang-2-toa-cafe-yen-pr42789340,['https://file4.batdongsan.com.vn/crop/232x186/2025/04/21/20250421180022-2bf3_wm.jpg'],40 triệu/tháng,110 m²,,"Đống Đa, Hà Nội",,Đăng 1 tuần trước
42005532,"Cho thuê Ki ốt số 7 - B14 Phạm Ngọc Thạch, Kim Liên, Đống Đa, Hà Nội",https://batdongsan.com.vn/cho-thue-sang-nhuong-cua-hang-ki-ot-duong-pham-ngoc-thach-phuong-kim-lien-prj-chung-cu-b4-b14-kim-lien/cho-so-7-m-m-dong-da-ha-noi-pr42005532,['https://file4.batdongsan.com.vn/crop/232x186/2025/01/07/20250107181231-f01d_wm.jpg'],Giá thỏa thuận,56 m²,1,"Đống Đa, Hà Nội",,Đăng 1 tuần trước
42788103,Cho thuê mặt bằng kinh doanh tại ngõ 445 Lạc Long Quân 30m2,https://batdongsan.com.vn/cho-thue-sang-nhuong-cua-hang-ki-ot-duong-lac-long-quan-phuong-xuan-la/cho-mat-bang-kinh-doanh-tai-ngo-445-30m2-pr42788103,['https://file4.batdongsan.com.vn/crop/232x186/2025/04/21/20250421155908-7150_wm.jpg'],6 triệu/tháng,30 m²,1,"Tây Hồ, Hà Nội",,Đăng 1 tuần trước
42778266,"Cho thuê nhà tầng 1 làm cửa hàng, quán cafe tại số 48 phố Phú Xá - Phú Thượng - Tây Hồ - Hà Nội",https://batdongsan.com.vn/cho-thue-sang-nhuong-cua-hang-ki-ot-duong-phu-xa-phuong-phu-thuong-1/cho-nha-tang-1-lam-quan-cafe-tai-so-48-pho-tay-ho-ha-noi-pr42778266,['https://file4.batdongsan.com.vn/crop/232x186/2025/04/20/20250420124734-dc8b_wm.jpg'],"9,5 triệu/tháng",55 m²,1,"Tây Hồ, Hà Nội",,Đăng 1 tuần trước
42780070,"Cho thuê cửa hàng, ki ốt tại Số 223 đường Liên Hà, Đông Anh, Hà Nội, 15 triệu/th, 120m2",https://batdongsan.com.vn/cho-thue-sang-nhuong-cua-hang-ki-ot-duong-lien-ha-xa-lien-ha-2/cho-tai-so-223-dong-anh-noi-15-trieu-120m2-pr42780070,['https://file4.batdongsan.com.vn/crop/232x186/2025/04/20/20250420200254-2eb0_wm.jpg'],15 triệu/tháng,120 m²,1,"Đông Anh, Hà Nội",,Đăng 1 tuần trước
42775189,"Cho thuê cửa hàng mặt tiền đẹp 11 triệu, 35m2 tại Nguyễn Tri Phương, Ba Đình, Hà Nội",https://batdongsan.com.vn/cho-thue-sang-nhuong-cua-hang-ki-ot-duong-nguyen-tri-phuong-1-phuong-dien-bien/cho-11-eu-35m2-tai-ba-dinh-ha-noi-pr42775189,['https://file4.batdongsan.com.vn/crop/232x186/2025/04/21/20250421090541-04cc_wm.jpg'],11 triệu/tháng,35 m²,1,"Ba Đình, Hà Nội",,Đăng 1 tuần trước
42780745,Cho thuê cửa hàng mặt phố Phạm Tuấn Tài giá tốt chính chủ,https://batdongsan.com.vn/cho-thue-sang-nhuong-cua-hang-ki-ot-pho-pham-tuan-tai-phuong-nghia-tan-3/cho-mat-gia-tot-chinh-chu-pr42780745,['https://file4.batdongsan.com.vn/crop/232x186/2025/04/20/20250420223952-8775_wm.jpg'],16 triệu/tháng,25 m²,1,"Cầu Giấy, Hà Nội",,Đăng 2 tuần trước
42484655,"Sang nhượng tiệm nails mi mặt phố Lương Thế Vinh tấp nập, giá rẻ, nhanh về vốn, vào làm đc luôn",https://batdongsan.com.vn/cho-thue-sang-nhuong-cua-hang-ki-ot-duong-luong-the-vinh-phuong-thanh-xuan-bac/-tiem-nails-mi-mat-pho-tap-nap-gia-re-nhanh-ve-von-vao-lam-dc-luon-pr42484655,['https://file4.batdongsan.com.vn/crop/232x186/2025/03/20/20250320005839-4b4b_wm.jpg'],10 triệu/tháng,30 m²,1,"Thanh Xuân, Hà Nội",,Đăng 2 tuần trước
40728175,"CC CHO THUÊ MBKD ĐƯỜNG VÕ CHÍ CÔNG, TÂY HỒ, HÀ NỘI",https://batdongsan.com.vn/cho-thue-sang-nhuong-cua-hang-ki-ot-duong-vo-chi-cong-phuong-xuan-la/nh-chu-cho-mat-bang-kinh-doanh-rong-70m2-mat-quan-tay-ho-ha-noi-pr40728175,['https://file4.batdongsan.com.vn/crop/232x186/2025/04/19/20250419110358-1c72_wm.jpg'],Giá thỏa thuận,70 m²,1,"Tây Hồ, Hà Nội",,Đăng 2 tuần trước
41938095,"Cho thuê cửa hàng DT 22m2 địa chỉ số 60 Tân Nhuệ, phường Thụy Phương",https://batdongsan.com.vn/cho-thue-sang-nhuong-cua-hang-ki-ot-duong-tan-nhue-phuong-thuy-phuong_2/cho-dt-22m2-dia-chi-so-60-pr41938095,['https://file4.batdongsan.com.vn/crop/232x186/2024/12/27/20241227091819-2f41_wm.jpg'],3 triệu/tháng,22 m²,1,"Bắc Từ Liêm, Hà Nội",,Đăng 2 tuần trước
42740920,Cho thuê cửa hàng mặt phố Tây Sơn,https://batdongsan.com.vn/cho-thue-sang-nhuong-cua-hang-ki-ot-duong-tay-son-phuong-quang-trung/cho-mat-pho-son-pr42740920,['https://file4.batdongsan.com.vn/crop/232x186/2025/04/16/20250416103919-658e_wm.jpg'],50 triệu/tháng,150 m²,2,"Đống Đa, Hà Nội",,Đăng 2 tuần trước
42156344,"Tôi là chủ cần cho thuê , ki ốt tại Trung Tâm TM Hyundai Hillsmall giá thỏa thuận, Hà Đông Hà Nội",https://batdongsan.com.vn/cho-thue-sang-nhuong-cua-hang-ki-ot-duong-to-hieu-phuong-ha-cau-prj-hyundai-hillstate/cho-tai-gia-thoa-thuan-23m2-dong-noi-pr42156344,['https://file4.batdongsan.com.vn/crop/232x186/2016/09/13/hmcVYWuR/20160913144014-0d70.jpg'],Giá thỏa thuận,23 m²,,"Hà Đông, Hà Nội",,Đăng 2 tuần trước
37785617,"Chính chủ, cho thuê nhà 25m2, mặt tiền 4,6m, ngõ 5m thông sang 2 phố lớn Vũ Trọng Phụng & Quan Nhân",https://batdongsan.com.vn/cho-thue-sang-nhuong-cua-hang-ki-ot-duong-vu-trong-phung-phuong-nhan-chinh/-chu-cho-nha-25m2-mat-tien-4-6m-ngo-5m-thong-2-pho-lon-thanh-xuan-pr37785617,['https://file4.batdongsan.com.vn/crop/232x186/2023/07/31/20230731104323-2d87_wm.jpg'],4 triệu/tháng,25 m²,1,"Thanh Xuân, Hà Nội",,Đăng 2 tuần trước
42706532,Cho thuê tầng 1 tại phố Lê Quý Đôn phường Bạch Đằng Quận Hai Bà Trưng TP Hà Nội,https://batdongsan.com.vn/cho-thue-sang-nhuong-cua-hang-ki-ot-duong-le-quy-don-1-phuong-bach-dang/cho-tang-1-hoac-tang-4-tai-pho-quan-hai-ba-trung-tp-ha-noi-pr42706532,['https://file4.batdongsan.com.vn/crop/232x186/2025/04/12/20250412114903-ea12_wm.jpg'],20 triệu/tháng,40 m²,1,"Hai Bà Trưng, Hà Nội",,Đăng 3 tuần trước
42465738,"Cho thuê MBKD vị trí đắc địa góc ngã tư Trần Khát Chân - Võ Thị Sáu, HN, vỉa hè rộng 6m",https://batdongsan.com.vn/cho-thue-sang-nhuong-cua-hang-ki-ot-duong-tran-khat-chan-phuong-thanh-nhan/cho-mbkd-vi-tri-dac-dia-goc-nga-tu-vo-thi-sau-hn-via-he-rong-6m-pr42465738,['https://file4.batdongsan.com.vn/crop/232x186/2025/02/17/20250217153201-3e1e_wm.jpg'],12 triệu/tháng,40 m²,1,"Hai Bà Trưng, Hà Nội",,Đăng 3 tuần trước
42281992,"Chủ đầu tư cho thuê MBKD làm nhà hàng, cafe, tại 229 Mipec Tây Sơn, Đống Đa, Hà Nội",https://batdongsan.com.vn/cho-thue-sang-nhuong-cua-hang-ki-ot-duong-tay-son-phuong-trung-liet-prj-mipec-towers/chu-dau-tu-cho-mbkd-lam-nha-cafe-tai-229-dong-da-ha-noi-pr42281992,['https://file4.batdongsan.com.vn/crop/232x186/2025/02/27/20250227101822-68e8_wm.jpg'],"634,75 nghìn/m²",668 m²,,"Đống Đa, Hà Nội",,Đăng 3 tuần trước
42689458,"Cho thuê cửa hàng, ki ốt tại Nguyễn Văn Cừ, Gia Thụy, Long Biên, Hà Nội, 60m2",https://batdongsan.com.vn/cho-thue-sang-nhuong-cua-hang-ki-ot-duong-nguyen-van-cu-1-phuong-gia-thuy/cho-tai-long-bien-ha-noi-60m2-pr42689458,['https://file4.batdongsan.com.vn/crop/232x186/2025/04/10/20250410170738-1e2a_wm.jpg'],Giá thỏa thuận,60 m²,,"Long Biên, Hà Nội",,Đăng 3 tuần trước
42660187,"Cho thuê cửa hàng tầng 1 số 490 Nguyễn Trãi Thanh Xuân, MT 4m, vỉa hè rộng, giá 11 triệu/th",https://batdongsan.com.vn/cho-thue-sang-nhuong-cua-hang-ki-ot-duong-nguyen-trai-phuong-thanh-xuan-bac/cho-nha-mat-pho-490-6t-mt4m-via-he-rong-o-va-kinh-doanh-32trieu-thang-pr42660187,['https://file4.batdongsan.com.vn/crop/232x186/2025/03/06/20250306162427-b9d4_wm.jpg'],11 triệu/tháng,40 m²,,"Thanh Xuân, Hà Nội",,Đăng 3 tuần trước
36898440,"Cập nhật tháng 04/2025 cửa hàng, ki ốt đang cho thuê tại Times City, LH: 0979 271 ***",https://batdongsan.com.vn/cho-thue-sang-nhuong-cua-hang-ki-ot-duong-minh-khai-phuong-vinh-tuy-prj-times-city/cap-nhat-t-04-2023-kiot-dang-cho-tai-park-hill-lh-0979-271-525-pr36898440,['https://file4.batdongsan.com.vn/crop/232x186/2023/04/03/20230403111406-2797_wm.jpg'],80 triệu/tháng,269 m²,,"Hai Bà Trưng, Hà Nội",,Đăng 3 tuần trước
42639805,"Cho thuê kiot, cửa hàng, tại Quận Long Biên",https://batdongsan.com.vn/cho-thue-sang-nhuong-cua-hang-ki-ot-duong-ngoc-thuy-phuong-ngoc-thuy/cho-kiot-kho-xuong-pr42639805,['https://file4.batdongsan.com.vn/crop/232x186/2025/04/04/20250404204342-4269_wm.jpg'],6 triệu/tháng,90 m²,1,"Long Biên, Hà Nội",,Đăng 3 tuần trước
42651303,"Cho thuê nhà mặt ngõ Thái Hà 45m2 + gác xép phù hợp làm studio, hair salon, tiệm nail",https://batdongsan.com.vn/cho-thue-sang-nhuong-cua-hang-ki-ot-pho-thai-ha-phuong-trung-liet/cho-n-mat-ngo-45m-gac-xep-phu-hop-lam-studio-ir-salon-tiem-nail-pr42651303,['https://file4.batdongsan.com.vn/crop/232x186/2025/04/06/20250406152206-7efd_wm.jpg'],20 triệu/tháng,45 m²,,"Đống Đa, Hà Nội",,Đăng 1 tháng trước
41420909,"Cho thuê hàng hiếm - làm TTT mại tại 168 đường Trịnh Văn Bô, 1000m2, giá 441 triệu/m2",https://batdongsan.com.vn/cho-thue-sang-nhuong-cua-hang-ki-ot-duong-trinh-van-bo-phuong-xuan-phuong/cho-hiem-tai-168-1000m2-gia-441-trieu-m2-pr41420909,['https://file4.batdongsan.com.vn/crop/232x186/2024/11/04/20241104135835-5b34_wm.jpg'],441 nghìn/m²,1.000 m²,3,"Nam Từ Liêm, Hà Nội",,Đăng 1 tháng trước
42837149,Cho thuê MBKD mặt phố Lý Thường Kiệt 200m2 x 8 tầng thông sàn đầy đủ PCCC 0913 319 ***,https://batdongsan.com.vn/cho-thue-sang-nhuong-cua-hang-ki-ot-pho-ly-thuong-kiet-phuong-phan-chu-trinh/cho-mbkd-mat-200m2-x-8-tang-thong-san-day-du-pccc-pr42837149,[],400 triệu/tháng,·200 m²,,"Hoàn Kiếm, Hà Nội",,Đăng 1 tuần trước
42837074,Cho thuê MBKD mặt phố Huỳnh Thúc Kháng đoạn đường tập trung đống vp và các thương hiệu 0913 319 ***,https://batdongsan.com.vn/cho-thue-sang-nhuong-cua-hang-ki-ot-duong-huynh-thuc-khang-phuong-lang-ha/cho-mbkd-mat-pho-doan-tap-trung-dong-vp-va-cac-thuong-hieu-pr42837074,[],55 triệu/tháng,·80 m²,,"Đống Đa, Hà Nội",,Đăng 1 tuần trước
42837036,Cho thuê MBKD mặt phố Láng Hạ trung tâm Đống Đa tập trung nhiều tòa nhà văn phòng 0913 319 ***,https://batdongsan.com.vn/cho-thue-sang-nhuong-cua-hang-ki-ot-pho-lang-ha-phuong-lang-ha/cho-mbkd-mat-trung-tam-dong-da-tap-trung-nhieu-toa-n-van-ng-pr42837036,[],"206,48 triệu/tháng",·200 m²,,"Đống Đa, Hà Nội",,Đăng 1 tuần trước
42836943,Cho thuê MBKD nhận diện đỉnh mặt tiền 12m phố Xuân Thủy trung tâm nhiều trường Đại Học 0913 319 ***,https://batdongsan.com.vn/cho-thue-sang-nhuong-cua-hang-ki-ot-duong-xuan-thuy-phuong-dich-vong-hau/cho-mbkd-nhan-dien-dinh-mat-tien-12m-pho-trung-tam-nhieu-truong-dai-hoc-pr42836943,[],200 triệu/tháng,·95 m²,,"Cầu Giấy, Hà Nội",,Đăng 1 tuần trước
42836447,Siêu phẩm cực hiếm tại Nguyễn Văn Lộc. Địa điểm vàng phù hợp kinh doanh nhà hàng cafe văn phòng,https://batdongsan.com.vn/cho-thue-sang-nhuong-cua-hang-ki-ot-duong-nguyen-van-loc-phuong-mo-lao/sieu-pham-cuc-hiem-tai-dia-diem-g-phu-hop-kinh-doanh-nha-cafe-phong-pr42836447,[],120 triệu/tháng,·450 m²,,"Hà Đông, Hà Nội",,Đăng 1 tuần trước
42836286,Cho thuê cửa hàng hiếm có tại Hàm Nghi vị trí cực đắc địa phù hợp kinh doanh nhà hàng cafe showroom,https://batdongsan.com.vn/cho-thue-sang-nhuong-cua-hang-ki-ot-duong-ham-nghi-phuong-cau-dien/cho-hiem-co-tai-vi-tri-cuc-dac-dia-phu-hop-kinh-doanh-nha-cafe-showrom-pr42836286,[],100 triệu/tháng,·500 m²,,"Nam Từ Liêm, Hà Nội",,Đăng 1 tuần trước
42836417,"Cho thuê cửa hàng 90m² mặt phố Vũ Tông Phan, Thanh Xuân - Giá 25 triệu/tháng, kinh doanh cực tốt",https://batdongsan.com.vn/cho-thue-sang-nhuong-cua-hang-ki-ot-pho-vu-tong-phan-phuong-khuong-trung/cho-90m-mat-thanh-xuan-gia-25-trieu-t-kinh-doanh-cuc-tot-pr42836417,[],25 triệu/tháng,·90 m²,,"Thanh Xuân, Hà Nội",,Đăng 1 tuần trước
42836402,"CHO THUÊ NHÀ 80M² X 4 TẦNG PHỐ QUAN NHÂN, MT 5.5M, GIÁ 25TR/THÁNG, SẠCH ĐẸP - THANH XUÂN",https://batdongsan.com.vn/cho-thue-sang-nhuong-cua-hang-ki-ot-pho-quan-nhan-phuong-nhan-chinh/cho-nha-80m-x-4-tang-mt-5-5m-gia-25tr-thang-sach-dep-thanh-xuan-pr42836402,[],25 triệu/tháng,·80 m²,,"Thanh Xuân, Hà Nội",,Đăng 1 tuần trước
42836281,"Cho thuê MBKD mặt phố Kim Ngưu, gần Times City, diện tích 50m², MT 4m, 4 tầng, cửa hàng riêng biệt",https://batdongsan.com.vn/cho-thue-sang-nhuong-cua-hang-ki-ot-duong-kim-nguu-phuong-minh-khai/cho-mbkd-mat-pho-gan-times-city-dien-tich-50m-mt-4m-4-tang-rieng-biet-pr42836281,[],18 triệu/tháng,·50 m²,,"Hai Bà Trưng, Hà Nội",,Đăng 1 tuần trước
